-- phpMyAdmin SQL Dump
-- version 3.4.11.1
-- http://www.phpmyadmin.net
--
-- Host: localhost
-- Generation Time: Apr 25, 2014 at 04:23 AM
-- Server version: 5.5.33
-- PHP Version: 5.4.23

SET SQL_MODE="NO_AUTO_VALUE_ON_ZERO";
SET time_zone = "+00:00";

--
-- Database: `dynamic_accounts`
--

-- --------------------------------------------------------

--
-- Table structure for table `bills`
--

CREATE TABLE IF NOT EXISTS `bills` (
  `id` int(11) NOT NULL AUTO_INCREMENT,
  `particulars` varchar(255) NOT NULL,
  `amount` varchar(50) NOT NULL,
  `voucher_no` varchar(255) NOT NULL,
  `project_id` int(11) NOT NULL,
  `create_date` date NOT NULL,
  `modify_date` timestamp NOT NULL DEFAULT CURRENT_TIMESTAMP ON UPDATE CURRENT_TIMESTAMP,
  PRIMARY KEY (`id`)
) ENGINE=MyISAM  DEFAULT CHARSET=latin1 AUTO_INCREMENT=12 ;

--
-- Dumping data for table `bills`
--

INSERT INTO `bills` (`id`, `particulars`, `amount`, `voucher_no`, `project_id`, `create_date`, `modify_date`) VALUES
(1, '1st RA Bill', '55400', '1', 4, '2013-12-07', '2013-12-07 07:08:53'),
(2, 'pay order return', '1155000', '01', 8, '2013-06-27', '2014-03-27 10:18:00'),
(3, '1st r/a bill', '2448870', '02', 8, '2013-06-27', '2014-03-27 10:18:44'),
(4, '2nd R/A Bill', '2848860', '03', 8, '2013-07-30', '2014-03-27 10:19:44'),
(5, '3rd R/A Bill', '1965557', '04', 8, '2013-07-04', '2014-03-27 10:20:21'),
(6, 'pay order return', '574000', '5', 8, '2013-11-20', '2014-03-27 10:21:06'),
(7, 'Pay Order Return', '291000', '06', 8, '2013-11-22', '2014-04-09 10:55:11'),
(8, '1st R/A bill', '550000', '01', 13, '2013-03-16', '2014-04-16 08:17:14'),
(9, '2nd R/A bill', '1662000', '02', 13, '2013-07-07', '2014-04-16 08:15:38'),
(10, '3rd & final bill', '554000', '03', 13, '2013-12-04', '2014-04-16 08:16:33'),
(11, 'Monir return', '100000', '04', 13, '2014-01-01', '2014-04-16 08:18:15');

-- --------------------------------------------------------

--
-- Table structure for table `expenses`
--

CREATE TABLE IF NOT EXISTS `expenses` (
  `id` int(11) NOT NULL AUTO_INCREMENT,
  `particulars` varchar(255) NOT NULL,
  `reference` varchar(255) NOT NULL,
  `amount` varchar(50) NOT NULL,
  `voucher_no` varchar(255) NOT NULL,
  `project_id` int(11) NOT NULL,
  `create_date` date NOT NULL,
  `modify_date` timestamp NOT NULL DEFAULT CURRENT_TIMESTAMP ON UPDATE CURRENT_TIMESTAMP,
  PRIMARY KEY (`id`)
) ENGINE=MyISAM  DEFAULT CHARSET=latin1 AUTO_INCREMENT=1085 ;

--
-- Dumping data for table `expenses`
--

INSERT INTO `expenses` (`id`, `particulars`, `reference`, `amount`, `voucher_no`, `project_id`, `create_date`, `modify_date`) VALUES
(1, 'Office', '', '100000', '1', 4, '2013-12-07', '2013-12-07 07:19:19'),
(3, 'Photo Copy', '', '10000', '2', 4, '2013-12-07', '2013-12-07 15:37:52'),
(4, 'Photo Copy', '', '5000', '3', 4, '2013-12-08', '2013-12-08 05:56:55'),
(5, 'Office', '', '10000', '4', 4, '2013-12-08', '2013-12-08 05:57:44'),
(6, 'ruhul bhai', '', '2000', '13', 4, '2013-12-11', '2013-12-09 09:51:09'),
(7, 'schedule parchase', '', '8000', '01', 8, '2004-04-13', '2014-03-27 08:16:52'),
(9, 'photocopy', '', '3062', '03', 8, '2013-04-07', '2014-03-27 08:18:41'),
(10, 'pay order', '', '1155000', '04', 8, '2013-04-07', '2014-03-27 08:22:11'),
(11, 'office molla', '', '10000', '05', 8, '2013-04-07', '2014-03-27 08:23:16'),
(12, 'office molla', '', '10000', '05/02', 8, '2013-04-08', '2014-03-27 08:24:48'),
(13, 'office xen', '', '200000', '06', 8, '2013-04-08', '2014-03-27 08:25:41'),
(14, 'nasir mistry', '', '150290', '07', 8, '2013-04-16', '2014-03-27 08:26:55'),
(15, 'noore alom mistry', '', '15000', '08', 8, '2013-04-16', '2014-03-27 08:28:06'),
(16, 'nasir mistry', '', '10000', '09', 8, '2013-04-17', '2014-03-27 08:30:06'),
(17, 'office xen', '', '2000', '10', 8, '2013-04-17', '2014-03-27 08:31:35'),
(18, 'noore alom mistry', '', '40000', '11', 8, '2013-04-21', '2014-03-27 08:32:17'),
(19, 'tube well goods', '', '200000', '12', 8, '2013-04-21', '2014-03-27 08:33:20'),
(20, 'office xen', '', '150000', '13', 8, '2013-04-21', '2014-03-27 08:33:58'),
(21, 'noore alom mistry', '', '10000', '14', 8, '2013-04-25', '2014-03-27 08:34:31'),
(22, 'Convynce', '', '6500', '15', 8, '2013-04-26', '2014-03-27 08:35:07'),
(23, 'Convynce', '', '3000', '16', 8, '2013-04-26', '2014-03-27 08:35:29'),
(24, 'office molla', '', '20000', '17', 8, '2013-04-26', '2014-03-27 08:36:00'),
(25, 'nasir mistry', '', '15000', '18', 8, '2013-04-27', '2014-03-27 08:36:26'),
(26, 'unus ali mistry', '', '12000', '19', 8, '2013-04-27', '2014-03-27 08:37:01'),
(27, 'nasir mistry', '', '22000', '20', 8, '2013-04-29', '2014-03-27 08:37:40'),
(28, 'noore alom mistry', '', '10000', '21', 8, '2013-04-30', '2014-03-27 08:38:06'),
(29, 'office xen', '', '400000', '22', 8, '2013-04-30', '2014-03-27 08:38:38'),
(30, 'tube well goods', '', '500', '23', 8, '2013-05-02', '2014-03-27 08:39:13'),
(31, 'nasir mistry', '', '10000', '24', 8, '2013-05-03', '2014-03-27 08:39:36'),
(32, 'office molla', '', '590', '25', 8, '2013-05-04', '2014-03-27 08:40:31'),
(33, 'noore alom mistry', '', '10000', '26', 8, '2013-05-04', '2014-03-27 08:40:56'),
(34, 'tube well goods ( Talukder group)', '', '37500', '27', 8, '2013-05-05', '2014-03-27 08:41:47'),
(35, 'office expensses', '', '1000', '28', 8, '2013-05-07', '2014-03-27 08:42:44'),
(36, 'nasir mistry', '', '10000', '29', 8, '2013-05-08', '2014-03-27 08:43:07'),
(37, 'noore alom mistry', '', '10000', '30', 8, '2013-05-09', '2014-03-27 08:43:36'),
(38, 'office xen', '', '450000', '31', 8, '2013-05-11', '2014-03-27 08:44:55'),
(39, 'performance security', '', '865261', '32', 8, '2013-05-11', '2014-03-27 08:48:23'),
(40, 'nasir mistry', '', '9000', '33', 8, '2013-05-11', '2014-03-27 08:48:53'),
(41, 'tube well goods ( Talukder group)', '', '372400', '34', 8, '2013-05-12', '2014-03-27 08:49:27'),
(42, 'noore alom mistry', '', '10000', '35', 8, '2013-05-12', '2014-03-27 08:50:31'),
(43, 'noore alom mistry', '', '10000', '35', 8, '2013-05-12', '2014-03-27 08:50:32'),
(44, 'nasir mistry', '', '5000', '36', 8, '2013-06-13', '2014-03-27 08:52:26'),
(45, 'tube well goods (RFL Groop)', '', '1938640', '37', 8, '2013-05-13', '2014-03-27 08:53:40'),
(46, 'tube well goods ( Talukder group)', '', '186000', '38', 8, '2013-05-14', '2014-03-27 08:54:16'),
(47, 'unus ali mistry', '', '40800', '39', 8, '2013-05-14', '2014-03-27 08:54:47'),
(48, 'nasir mistry', '', '12000', '40', 8, '2013-05-15', '2014-03-27 09:01:06'),
(49, 'tube well goods (unload charge)', '', '10500', '41', 8, '2013-05-16', '2014-03-27 09:06:07'),
(391, 'Schedule Purchase', '', '4700', '02', 11, '2013-03-12', '2014-04-09 16:41:51'),
(390, 'Office Expense', '', '150000', '01', 11, '2013-03-10', '2014-04-09 16:39:52'),
(53, 'nasir mistry', '', '10000', '42', 8, '2013-05-16', '2014-03-27 09:06:55'),
(54, 'noore alom mistry', '', '10400', '43', 8, '2013-05-17', '2014-03-27 09:08:01'),
(55, 'office expensses', '', '5500', '44', 8, '2013-05-17', '2014-03-27 09:09:14'),
(56, 'office expensses', '', '5180', '45', 8, '2013-05-19', '2014-03-27 09:09:49'),
(57, 'tube well goods (unload charge)', '', '5300', '46', 8, '2013-05-19', '2014-03-27 09:11:07'),
(58, 'tube well goods( tara system)', '', '11000', '47', 8, '2013-05-20', '2014-03-27 09:12:42'),
(59, 'tube well goods( tara system)', '', '12000', '48', 8, '2013-05-21', '2014-03-27 09:13:38'),
(60, 'noore alom mistry', '', '12000', '49', 8, '2013-05-21', '2014-03-27 09:14:08'),
(61, 'nasir mistry', '', '12000', '50', 8, '2013-05-21', '2014-03-27 09:14:29'),
(395, 'Office expense', 'Executive Engineer', '210000', '06', 11, '2013-04-03', '2014-04-13 01:45:40'),
(63, 'tube well goods', '', '12520', '51', 8, '2013-05-21', '2014-03-27 09:20:33'),
(64, 'tube well goods', '', '9742', '52', 8, '2013-05-23', '2014-03-27 09:22:44'),
(65, 'nasir mistry', '', '13000', '53', 8, '2013-05-24', '2014-03-27 09:24:27'),
(66, 'noore alom mistry', '', '3000', '54', 8, '2013-05-24', '2014-03-27 09:24:59'),
(67, 'tube well goods ( Talukder group)', '', '304580', '55', 8, '2013-05-26', '2014-03-27 09:33:22'),
(68, 'nasir mistry', '', '15000', '56', 8, '2013-05-28', '2014-03-27 09:33:59'),
(69, 'noore alom mistry', '', '10000', '57', 8, '2013-05-28', '2014-03-27 09:34:39'),
(70, 'office molla', '', '10000', '58', 8, '2013-05-29', '2014-03-27 09:35:26'),
(71, 'Convynce', '', '4150', '59', 8, '2013-05-30', '2014-03-27 09:36:10'),
(72, 'nasir mistry', '', '12000', '60', 8, '2013-05-30', '2014-03-27 09:37:13'),
(73, 'noore alom mistry', '', '15000', '61', 8, '2013-06-02', '2014-03-27 09:38:00'),
(74, 'nasir mistry', '', '15000', '61/2', 8, '2013-06-02', '2014-03-27 09:39:14'),
(75, 'shaheb ali', '', '50000', '62', 8, '2013-06-09', '2014-03-27 09:42:09'),
(76, 'noore alom mistry', '', '15000', '63', 8, '2013-06-10', '2014-04-09 11:42:59'),
(77, 'nasir mistry', '', '15000', '64', 8, '2013-06-10', '2014-03-27 09:44:22'),
(78, 'nasir mistry', '', '15000', '65', 8, '2013-06-13', '2014-03-27 09:44:59'),
(79, 'tube well goods( tara system)', '', '19030', '66', 8, '2013-06-15', '2014-03-27 09:45:45'),
(80, 'noore alom mistry', '', '15125', '67', 8, '2013-06-18', '2014-03-27 09:48:45'),
(81, 'nasir mistry', '', '15125', '68', 8, '2013-06-18', '2014-03-27 09:51:17'),
(82, 'dulal', '', '3400', '69', 8, '2013-06-19', '2014-03-27 09:52:46'),
(83, 'office xen', '', '50000', '70', 8, '2013-06-19', '2014-03-27 09:53:41'),
(84, 'tube well goods', '', '2000', '71', 8, '2013-06-19', '2014-03-27 09:55:22'),
(85, 'dulal', '', '7150', '72', 8, '2013-06-20', '2014-03-27 09:55:50'),
(86, 'shaheb ali', '', '13000', '73', 8, '2013-06-20', '2014-03-27 09:56:17'),
(87, 'noore alom mistry', '', '5000', '74', 8, '2013-06-22', '2014-03-27 09:57:03'),
(88, 'nasir mistry', '', '15000', '75', 8, '2013-06-23', '2014-03-27 09:57:43'),
(89, 'noore alom mistry', '', '15000', '76', 8, '2013-06-23', '2014-03-27 09:58:09'),
(90, 'nasir mistry', '', '15000', '77', 8, '2013-06-25', '2014-03-27 09:58:56'),
(91, 'office xen', '', '350000', '78', 8, '2013-06-26', '2014-03-27 09:59:25'),
(92, 'office expensses', '', '26000', '79', 8, '2013-06-28', '2014-03-27 09:59:59'),
(93, 'dulal', '', '7000', '80', 8, '2013-06-29', '2014-03-27 10:00:26'),
(94, 'office molla', '', '15000', '81', 8, '2013-06-29', '2014-03-27 10:01:02'),
(95, 'nasir mistry', '', '16530', '82', 8, '2013-07-01', '2014-03-27 10:01:38'),
(96, 'mamun', '', '1000', '83', 8, '2013-07-02', '2014-03-27 10:02:15'),
(97, 'noore alom mistry', '', '15000', '84', 8, '2013-07-03', '2014-04-09 06:18:59'),
(98, 'shaheb ali', '', '14000', '85', 8, '2013-07-03', '2014-03-27 10:03:14'),
(99, 'nasir mistry', '', '20000', '86', 8, '2013-07-03', '2014-03-27 10:03:45'),
(100, 'nasir mistry', '', '5000', '87', 8, '2013-07-05', '2014-03-27 10:04:09'),
(101, 'shaheb ali', '', '14000', '88', 8, '2013-07-07', '2014-03-27 10:04:44'),
(102, 'noore alom mistry', '', '15000', '89', 8, '2013-07-07', '2014-03-27 10:05:11'),
(103, 'nasir mistry', '', '15000', '90', 8, '2013-07-07', '2014-03-27 10:05:37'),
(104, 'noore alom mistry', '', '25000', '91', 8, '2013-07-09', '2014-03-27 10:06:26'),
(105, 'office expensses', '', '5000', '92', 8, '2013-07-10', '2014-03-27 10:07:10'),
(106, 'nasir mistry', '', '15000', '93', 8, '2013-07-10', '2014-03-27 10:07:36'),
(107, 'noore alom mistry', '', '15000', '94', 8, '2013-07-10', '2014-03-27 10:08:13'),
(108, 'shaheb ali', '', '13000', '95', 8, '2013-07-11', '2014-03-27 10:08:41'),
(109, 'tube well goods( tara system)', '', '49090', '96', 8, '2013-07-13', '2014-03-27 10:09:38'),
(110, 'shaheb ali', '', '12000', '97', 8, '2013-07-13', '2014-03-27 10:10:06'),
(111, 'nasir mistry', '', '13000', '98', 8, '2013-07-14', '2014-03-27 10:10:34'),
(112, 'noore alom mistry', '', '15000', '99', 8, '2013-07-14', '2014-03-27 10:11:03'),
(113, 'nasir mistry', '', '45000', '100', 8, '2013-07-16', '2014-03-27 10:11:28'),
(114, 'shaheb ali', '', '14000', '101', 8, '2013-07-17', '2014-03-27 10:12:29'),
(115, 'nasir mistry', '', '5000', '102', 8, '2013-07-17', '2014-03-27 10:12:47'),
(116, 'nasir mistry', '', '13000', '103', 8, '2013-07-18', '2014-04-09 06:23:42'),
(117, 'dfgsadfgasdf', '', '12000', '01', 9, '2014-03-25', '2014-03-31 14:00:29'),
(118, 'retwert', '', '56', '02', 9, '2014-03-05', '2014-03-31 14:01:04'),
(119, 'barek', '', '12000', '03', 10, '2014-03-06', '2014-03-31 17:31:44'),
(120, 'saheb ali', '', '15000', '02', 10, '2014-03-20', '2014-03-31 17:32:09'),
(121, 'noore alom mistry', '', '15000', '104', 8, '2013-07-18', '2014-04-09 06:48:56'),
(122, 'dulal', '', '3000', '105', 8, '2013-07-18', '2014-04-09 06:49:34'),
(123, 'shaheb ali', '', '14000', '106', 8, '2013-07-20', '2014-04-09 06:50:05'),
(124, 'noore alom mistry', '', '15000', '107', 8, '2013-07-21', '2014-04-09 06:50:42'),
(125, 'office xen', '', '50000', '108', 8, '2013-07-21', '2014-04-09 06:51:29'),
(126, 'tube well goods', '', '18000', '109', 8, '2013-07-21', '2014-04-09 06:52:00'),
(127, 'nasir mistry', '', '13000', '110', 8, '2013-07-22', '2014-04-09 06:52:41'),
(128, 'nasir mistry', 'Nikly', '12000', '111', 8, '2013-07-22', '2014-04-09 11:44:10'),
(160, 'noore alom mistry', '', '15000', '141', 8, '2013-08-20', '2014-04-09 07:18:26'),
(130, 'shaheb ali', '', '13000', '112', 8, '2013-07-23', '2014-04-09 06:55:34'),
(131, 'nasir mistry', '', '15000', '113', 8, '2013-07-25', '2014-04-09 06:56:33'),
(132, 'noore alom mistry', '', '15000', '114', 8, '2013-07-25', '2014-04-09 06:57:08'),
(133, 'shaheb ali', '', '13000', '115', 8, '2013-07-27', '2014-04-09 06:57:40'),
(134, 'nasir mistry', '', '14000', '116', 8, '2013-07-27', '2014-04-09 06:58:01'),
(135, 'shaheb ali', '', '14500', '117', 8, '2013-07-30', '2014-04-09 06:58:25'),
(136, 'nasir mistry', '', '14000', '118', 8, '2013-07-30', '2014-04-09 06:58:55'),
(137, 'noore alom mistry', '', '13000', '119', 8, '2013-07-31', '2014-04-09 06:59:25'),
(138, 'nasir mistry', '', '12000', '120', 8, '2013-07-31', '2014-04-09 07:00:03'),
(139, 'shaheb ali', '', '13000', '121', 8, '2013-08-02', '2014-04-09 07:02:08'),
(140, 'nasir mistry', '', '13000', '122', 8, '2013-08-02', '2014-04-09 07:02:31'),
(141, 'tube well goods', '3/4 th rubber pipe', '12870', '123', 8, '2013-08-03', '2014-04-09 07:03:12'),
(142, 'noore alom mistry', '', '13000', '124', 8, '2013-08-03', '2014-04-09 07:03:43'),
(143, 'nasir mistry', '', '12000', '125', 8, '2013-08-04', '2014-04-09 07:04:32'),
(144, 'dulal', '', '2000', '126', 8, '2013-08-04', '2014-04-09 07:05:07'),
(145, 'Jewel', '', '7000', '127', 8, '2013-08-05', '2014-04-09 07:06:00'),
(146, 'shaheb ali', '', '30000', '128', 8, '2013-08-06', '2014-04-09 07:06:30'),
(147, 'nasir mistry', '', '80000', '129', 8, '2013-08-06', '2014-04-09 07:06:56'),
(148, 'nasir mistry', '', '10000', '130', 8, '2013-08-06', '2014-04-09 07:07:17'),
(149, 'noore alom mistry', '', '40000', '131', 8, '2013-08-06', '2014-04-09 08:38:42'),
(394, 'Office Expense', '', '1000', '05', 11, '2013-04-03', '2014-04-09 16:44:06'),
(151, 'office expensses', '', '405', '133', 8, '2013-08-14', '2014-04-09 07:16:31'),
(152, 'noore alom mistry', '', '40000', '134', 8, '2013-08-14', '2014-04-09 07:16:01'),
(153, 'shaheb ali', '', '40000', '135', 8, '2013-08-14', '2014-04-09 07:10:08'),
(154, 'nasir mistry', '', '35000', '136', 8, '2013-08-14', '2014-04-09 07:10:40'),
(155, 'nasir mistry', '', '35000', '137', 8, '2013-08-14', '2014-04-09 07:10:56'),
(156, 'shaheb ali', '', '10000', '138', 8, '2013-08-18', '2014-04-09 07:11:29'),
(157, 'Anwar mistry', '', '40000', '139', 8, '2013-08-18', '2014-04-09 07:12:19'),
(158, 'Anwar mistry', '', '100000', '140', 8, '2013-08-16', '2014-04-09 07:12:39'),
(159, 'noore alom mistry', '', '15000', '132', 8, '2013-08-13', '2014-04-09 07:14:41'),
(161, 'shaheb ali', '', '12000', '142', 8, '2013-08-21', '2014-04-09 07:20:56'),
(162, 'nasir mistry', '', '12000', '143', 8, '2013-08-21', '2014-04-09 07:22:05'),
(163, 'shaheb ali', '', '12000', '144', 8, '2013-08-22', '2014-04-09 07:22:29'),
(164, 'nasir mistry', '', '7000', '145', 8, '2013-08-23', '2014-04-09 07:22:54'),
(165, 'nasir mistry', '', '12000', '146', 8, '2013-08-25', '2014-04-09 07:23:28'),
(166, 'dulal', '', '1500', '147', 8, '2013-08-25', '2014-04-09 07:23:57'),
(167, 'shaheb ali', '', '12000', '148', 8, '2013-08-26', '2014-04-09 07:24:33'),
(168, 'noore alom mistry', '', '12000', '149', 8, '2013-08-26', '2014-04-09 07:24:49'),
(169, 'Razzak', '', '12000', '150', 8, '2013-08-26', '2014-04-09 07:25:13'),
(170, 'tube well goods', 'truck Rent', '16300', '151', 8, '2013-08-26', '2014-04-09 07:26:17'),
(171, 'shaheb ali', '', '9000', '152', 8, '2013-08-29', '2014-04-09 07:31:55'),
(172, 'nasir mistry', '', '13000', '153', 8, '2013-08-29', '2014-04-09 07:32:19'),
(173, 'nasir mistry', '', '14000', '154', 8, '2013-09-01', '2014-04-09 07:32:44'),
(174, 'dulal', '', '2000', '155', 8, '2013-09-01', '2014-04-09 07:33:13'),
(393, 'Pay Order', '', '900600', '04', 11, '2013-03-18', '2014-04-09 16:43:06'),
(176, 'shaheb ali', '', '13000', '156', 8, '2013-09-02', '2014-04-09 07:47:24'),
(177, 'tube well goods', 'Tara systems', '49800', '157', 8, '2013-09-03', '2014-04-09 07:48:36'),
(178, 'tube well goods', '25 pcs tubewell fittings materials', '45025', '158', 8, '2013-09-03', '2014-04-09 07:50:09'),
(179, 'nasir mistry', 'Khabir', '17500', '159', 8, '2013-09-03', '2014-04-09 07:51:21'),
(180, 'noore alom mistry', '', '25000', '160', 8, '2013-09-03', '2014-04-09 07:51:41'),
(181, 'Razzak', '', '5000', '161', 8, '2013-09-05', '2014-04-09 07:52:42'),
(182, 'shaheb ali', '', '13000', '162', 8, '2013-09-05', '2014-04-09 07:53:08'),
(183, 'nasir mistry', '', '13000', '163', 8, '2013-09-05', '2014-04-09 07:53:30'),
(184, 'tube well goods', 'Tara Syestem', '5000', '164', 8, '2013-09-05', '2014-04-09 07:54:37'),
(185, 'nasir mistry', '', '13000', '165', 8, '2013-09-07', '2014-04-09 07:55:03'),
(186, 'Razzak', '', '14000', '166', 8, '2013-09-08', '2014-04-09 07:55:48'),
(187, 'shaheb ali', '', '13000', '167', 8, '2013-09-09', '2014-04-09 07:56:13'),
(188, 'nasir mistry', '', '14000', '168', 8, '2013-09-09', '2014-04-09 07:56:57'),
(189, 'tube well goods', 'tara systems', '17614', '169', 8, '2013-09-09', '2014-04-09 07:57:27'),
(190, 'nasir mistry', '', '25000', '170', 8, '2013-09-12', '2014-04-09 07:57:53'),
(191, 'noore alom mistry', '', '5000', '171', 8, '2013-09-12', '2014-04-09 07:58:08'),
(192, 'shaheb ali', '', '13000', '172', 8, '2013-09-13', '2014-04-09 07:59:47'),
(193, 'nasir mistry', '', '13000', '173', 8, '2013-09-13', '2014-04-09 08:00:05'),
(194, 'Razzak', '', '12000', '174', 8, '2013-09-13', '2014-04-09 08:00:25'),
(195, 'Liton', '', '17700', '175', 8, '2013-09-14', '2014-04-09 08:02:11'),
(196, 'tube well goods', 'tara system', '1000', '176', 8, '2013-09-14', '2014-04-09 08:03:04'),
(197, 'shaheb ali', '', '13000', '177', 8, '2013-09-14', '2014-04-09 08:03:31'),
(198, 'Liton', '', '50000', '178', 8, '2013-09-16', '2014-04-09 08:05:12'),
(199, 'nasir mistry', '', '13000', '179', 8, '2013-09-16', '2014-04-09 08:05:29'),
(200, 'noore alom mistry', '', '13000', '180', 8, '2013-09-16', '2014-04-09 08:05:44'),
(201, 'nasir mistry', '', '13000', '181', 8, '2013-09-17', '2014-04-09 08:06:08'),
(202, 'shaheb ali', '', '13000', '182', 8, '2013-09-17', '2014-04-09 08:06:28'),
(203, 'nasir mistry', '', '14000', '183', 8, '2013-09-21', '2014-04-09 08:06:55'),
(204, 'tube well goods', 'Talukdar Group', '1500', '184', 8, '2013-09-21', '2014-04-09 08:07:35'),
(205, 'nasir mistry', '', '13000', '185', 8, '2013-09-22', '2014-04-09 08:08:07'),
(206, 'Liton', '', '26000', '186', 8, '2013-09-22', '2014-04-09 08:08:27'),
(207, 'noore alom mistry', '', '13000', '187', 8, '2013-09-22', '2014-04-09 08:08:54'),
(208, 'Razzak', 'truck rent 11000bdt', '23000', '188', 8, '2013-09-22', '2014-04-09 08:10:44'),
(209, 'tube well goods', 'tara system', '58000', '189', 8, '2013-09-24', '2014-04-09 08:11:16'),
(210, 'nasir mistry', '', '13000', '190', 8, '2013-09-24', '2014-04-09 08:11:35'),
(211, 'shaheb ali', '', '13000', '191', 8, '2013-09-27', '2014-04-09 08:11:54'),
(212, 'nasir mistry', '', '13000', '192', 8, '2013-09-26', '2014-04-09 08:12:22'),
(213, 'Khalek', '', '12000', '193', 8, '2013-09-28', '2014-04-09 08:12:51'),
(214, 'tube well goods', 'talukdar Group', '350000', '194', 8, '2013-09-29', '2014-04-09 08:13:38'),
(215, 'Liton', '', '26000', '195', 8, '2013-09-29', '2014-04-09 08:13:59'),
(216, 'Water test Fee', '', '138000', '196', 8, '2013-09-30', '2014-04-09 08:14:38'),
(217, 'Sohel', '', '13000', '197', 8, '2013-09-30', '2014-04-09 08:15:06'),
(218, 'nasir mistry', 'Khabir', '5000', '198', 8, '2013-09-30', '2014-04-09 08:15:44'),
(219, 'noore alom mistry', '', '14000', '199', 8, '2013-10-01', '2014-04-09 08:16:10'),
(220, 'tube well goods', 'tara system', '6000', '200', 8, '2013-10-02', '2014-04-09 08:16:34'),
(221, 'Razzak', '', '12000', '201', 8, '2013-10-02', '2014-04-09 08:16:55'),
(222, 'Razzak', '', '5000', '202', 8, '2013-10-02', '2014-04-09 08:17:22'),
(223, 'shaheb ali', '', '13000', '203', 8, '2013-10-02', '2014-04-09 08:17:41'),
(224, 'tube well goods', '3 inch pipe', '6000', '204', 8, '2013-10-02', '2014-04-09 08:18:06'),
(225, 'nasir mistry', '', '14000', '205', 8, '2013-10-04', '2014-04-09 08:18:51'),
(226, 'Sohel', '', '4000', '206', 8, '2013-10-04', '2014-04-09 08:19:06'),
(227, 'shaheb ali', '', '13000', '207', 8, '2013-10-05', '2014-04-09 08:19:39'),
(228, 'Sohel', '', '8000', '208', 8, '2013-10-05', '2014-04-09 08:20:02'),
(229, 'Liton', '', '13000', '209', 8, '2013-10-05', '2014-04-09 08:20:21'),
(230, 'nasir mistry', '', '14000', '210', 8, '2013-10-06', '2014-04-09 08:24:41'),
(231, 'noore alom mistry', '', '13000', '211', 8, '2013-10-06', '2014-04-09 08:25:06'),
(232, 'Khalek', '', '12000', '212', 8, '2013-10-06', '2014-04-09 08:25:29'),
(233, 'Sohel', '', '13000', '213', 8, '2013-10-07', '2014-04-09 08:25:54'),
(234, 'nasir mistry', '', '14000', '214', 8, '2013-10-08', '2014-04-09 11:45:41'),
(235, 'tube well goods', 'tara system', '30000', '215', 8, '2013-10-09', '2014-04-09 08:26:50'),
(236, 'nasir mistry', '', '14000', '216', 8, '2013-10-10', '2014-04-09 08:27:43'),
(237, 'noore alom mistry', '', '14000', '217', 8, '2013-10-10', '2014-04-09 08:28:04'),
(238, 'shaheb ali', '', '13300', '218', 8, '2013-10-10', '2014-04-09 08:28:21'),
(239, 'Khalek', '', '12000', '219', 8, '2013-10-10', '2014-04-09 08:28:37'),
(240, 'tube well goods', 'G I top sheet (ashraf)', '16500', '220', 8, '2013-10-10', '2014-04-09 08:30:40'),
(241, 'Liton', '', '25000', '221', 8, '2013-10-12', '2014-04-09 08:40:40'),
(242, 'Sohel', '', '13000', '222', 8, '2013-10-12', '2014-04-09 08:41:08'),
(243, 'tube well goods', 'tara system', '4000', '223', 8, '2013-10-12', '2014-04-09 08:41:37'),
(244, 'dulal', '', '8000', '224', 8, '2013-10-13', '2014-04-09 08:42:03'),
(245, 'nasir mistry', '', '50000', '225', 8, '2013-10-13', '2014-04-09 08:42:26'),
(246, 'Razzak', '', '25000', '226', 8, '2013-10-13', '2014-04-09 08:42:41'),
(247, 'noore alom mistry', '', '30000', '227', 8, '2013-10-13', '2014-04-09 08:42:56'),
(248, 'noore alom mistry', '', '14000', '228', 8, '2013-10-13', '2014-04-09 08:43:08'),
(249, 'shaheb ali', '', '25000', '229', 8, '2013-10-13', '2014-04-09 08:43:27'),
(250, 'Sohel', '', '25000', '230', 8, '2013-10-13', '2014-04-09 08:43:42'),
(251, 'nasir mistry', '', '20000', '231', 8, '2013-10-13', '2014-04-09 08:44:00'),
(252, 'Liton', '', '6000', '232', 8, '2013-10-13', '2014-04-09 08:44:14'),
(253, 'nasir mistry', '', '5000', '233', 8, '2013-10-14', '2014-04-09 08:44:31'),
(254, 'Khalek', '', '13000', '234', 8, '2013-10-15', '2014-04-09 08:44:51'),
(255, 'shaheb ali', '', '13000', '235', 8, '2013-10-17', '2014-04-09 08:45:19'),
(256, 'noore alom mistry', '', '14000', '236', 8, '2013-10-22', '2014-04-09 08:45:41'),
(257, 'Sohel', '', '12000', '237', 8, '2013-10-23', '2014-04-09 08:46:07'),
(258, 'tube well goods', '3/2 reducer', '18000', '238', 8, '2013-10-23', '2014-04-09 08:46:43'),
(259, 'Habib mistry', '', '25000', '239', 8, '2013-10-23', '2014-04-09 08:47:15'),
(260, 'shaheb ali', '', '10000', '240', 8, '2013-10-23', '2014-04-09 08:47:38'),
(261, 'noore alom mistry', '', '13000', '241', 8, '2013-10-27', '2014-04-09 08:47:56'),
(262, 'Sohel', '', '13000', '242', 8, '2013-10-29', '2014-04-09 08:48:22'),
(263, 'Habib mistry', '', '13000', '243', 8, '2013-10-30', '2014-04-09 08:48:54'),
(264, 'noore alom mistry', '', '13000', '244', 8, '2013-10-31', '2014-04-09 08:50:12'),
(265, 'dulal', '', '2000', '245', 8, '2013-10-31', '2014-04-09 08:50:50'),
(266, 'nasir mistry', '', '15000', '246', 8, '2013-11-01', '2014-04-09 08:51:16'),
(267, 'Habib mistry', '', '13000', '247', 8, '2013-11-02', '2014-04-09 08:51:32'),
(268, 'shaheb ali', '', '13000', '248', 8, '2013-11-02', '2014-04-09 08:51:51'),
(269, 'Sohel', '', '13000', '249', 8, '2013-11-03', '2014-04-09 08:52:11'),
(270, 'Habib mistry', '', '13000', '250', 8, '2013-11-05', '2014-04-09 08:52:58'),
(271, 'nasir mistry', '', '13000', '251', 8, '2013-11-05', '2014-04-09 08:53:15'),
(272, 'noore alom mistry', '', '13000', '252', 8, '2013-11-05', '2014-04-09 08:53:30'),
(273, 'Water test Fee', 'dulal', '40000', '253', 8, '2013-11-06', '2014-04-09 08:54:29'),
(274, 'shaheb ali', '', '2000', '254', 8, '2013-11-06', '2014-04-09 08:55:46'),
(275, 'dulal', '', '4700', '255', 8, '2013-11-07', '2014-04-09 08:56:11'),
(276, 'Habib mistry', '', '13000', '256', 8, '2013-11-09', '2014-04-09 08:56:31'),
(277, 'Store keeper', 'dulal', '31000', '257', 8, '2013-11-10', '2014-04-09 09:02:05'),
(278, 'shaheb ali', '', '13000', '258', 8, '2013-11-10', '2014-04-09 09:03:13'),
(279, 'noore alom mistry', '', '13000', '259', 8, '2013-11-10', '2014-04-09 09:03:40'),
(280, 'noore alom mistry', '', '13000', '260', 8, '2013-11-11', '2014-04-09 09:04:17'),
(281, 'Habib mistry', '', '13000', '261', 8, '2013-11-13', '2014-04-09 09:04:44'),
(282, 'dulal', '', '2000', '262', 8, '2013-11-14', '2014-04-09 09:06:02'),
(283, 'noore alom mistry', '', '14000', '263', 8, '2013-11-15', '2014-04-09 09:06:44'),
(284, 'dulal', '', '2500', '264', 8, '2013-11-14', '2014-04-09 09:08:03'),
(285, 'shaheb ali', '', '14000', '265', 8, '2013-11-16', '2014-04-09 09:09:08'),
(286, 'Habib mistry', '', '13000', '266', 8, '2013-11-17', '2014-04-09 09:09:37'),
(287, 'tube well goods', 'tara system &#40;Ashraf&#41;', '15000', '267', 8, '2013-11-17', '2014-04-09 09:10:59'),
(288, 'Razzak', '', '12000', '268', 8, '2013-11-19', '2014-04-09 09:11:31'),
(289, 'office molla', '', '25000', '269', 8, '2013-11-19', '2014-04-09 09:12:23'),
(290, 'noore alom mistry', '', '14000', '270', 8, '2013-11-20', '2014-04-09 09:14:52'),
(291, 'Habib mistry', '', '13000', '271', 8, '2013-11-21', '2014-04-09 09:15:12'),
(292, 'shaheb ali', '', '14000', '272', 8, '2013-11-21', '2014-04-09 09:15:42'),
(293, 'tube well goods', 'tara system &#40;gum&#41;', '7750', '273', 8, '2013-11-23', '2014-04-09 09:16:32'),
(294, 'dulal', '', '4500', '274', 8, '2013-11-23', '2014-04-09 09:17:14'),
(295, 'Sohel', '', '14000', '275', 8, '2013-11-23', '2014-04-09 09:17:33'),
(296, 'Habib mistry', '', '13000', '276', 8, '2013-11-24', '2014-04-09 09:17:52'),
(297, 'noore alom mistry', '', '13000', '277', 8, '2013-11-24', '2014-04-09 09:18:16'),
(298, 'tube well goods', 'tara system', '42000', '278', 8, '2013-11-25', '2014-04-09 09:19:16'),
(299, 'Habib mistry', '', '13000', '279', 8, '2013-11-29', '2014-04-09 09:19:51'),
(300, 'Sohel', '', '13000', '280', 8, '2013-11-30', '2014-04-09 09:20:33'),
(301, 'Habib mistry', '', '13000', '281', 8, '2013-11-30', '2014-04-09 09:20:55'),
(302, 'noore alom mistry', '', '14000', '282', 8, '2013-12-03', '2014-04-09 09:21:30'),
(303, 'Habib mistry', '', '13000', '283', 8, '2013-12-03', '2014-04-09 09:21:49'),
(304, 'shaheb ali', '', '20000', '284', 8, '2013-12-04', '2014-04-09 09:22:14'),
(305, 'Habib mistry', '', '13000', '285', 8, '2013-12-06', '2014-04-09 09:22:47'),
(306, 'shaheb ali', '', '10000', '286', 8, '2013-12-07', '2014-04-09 09:23:32'),
(307, 'Habib mistry', '', '13000', '287', 8, '2013-12-10', '2014-04-09 09:24:01'),
(308, 'tube well goods', '1.5 inch Thread pipe (Talukdar Group)', '154920', '288', 8, '2013-12-11', '2014-04-09 09:25:17'),
(392, 'Negotiation & others', '', '305700', '03', 11, '2013-03-12', '2014-04-09 16:42:36'),
(310, 'dulal', '', '5500', '289', 8, '2013-12-11', '2014-04-09 09:26:51'),
(311, 'Habib mistry', '', '30000', '290', 8, '2013-12-12', '2014-04-09 09:27:48'),
(312, 'Sohel', '', '25000', '291', 8, '2013-12-12', '2014-04-09 09:28:23'),
(313, 'tube well goods', 'pick up rent', '2000', '292', 8, '2013-12-14', '2014-04-09 09:31:24'),
(314, 'tube well goods', 'tara system', '84000', '293', 8, '2013-12-14', '2014-04-09 09:32:03'),
(315, 'Platform ', 'Mahmudul Haque', '40450', '294', 8, '2013-12-14', '2014-04-09 09:33:13'),
(316, 'shaheb ali', '', '13000', '295', 8, '2013-12-14', '2014-04-09 09:33:34'),
(317, 'Habib mistry', '', '13000', '296', 8, '2013-12-14', '2014-04-09 09:33:50'),
(318, 'tube well goods', 'tara system', '3000', '297', 8, '2013-12-14', '2014-04-09 09:34:24'),
(319, 'dulal', '', '2000', '298', 8, '2013-12-18', '2014-04-09 09:34:53'),
(320, 'shaheb ali', '', '13000', '299', 8, '2013-12-21', '2014-04-09 09:52:35'),
(321, 'Habib mistry', '', '13000', '300', 8, '2013-12-23', '2014-04-09 09:52:58'),
(322, 'Habib mistry', '', '13000', '300/2', 8, '2013-12-23', '2014-04-09 11:46:29'),
(323, 'Platform ', 'Mahmudul Haque', '20000', '301', 8, '2013-12-26', '2014-04-09 09:57:55'),
(324, 'shaheb ali', '', '14000', '302', 8, '2013-12-27', '2014-04-09 09:58:34'),
(325, 'Habib mistry', '', '13000', '303', 8, '2013-12-28', '2014-04-09 09:59:19'),
(326, 'Habib mistry', '', '13000', '304', 8, '2013-12-31', '2014-04-09 09:59:47'),
(327, 'dulal', 'bill', '2000', '305', 8, '2014-01-01', '2014-04-09 10:02:03'),
(328, 'shaheb ali', '', '13000', '306', 8, '2014-01-01', '2014-04-09 11:46:45'),
(329, 'Barek Mistry', '', '13000', '307', 8, '2014-01-02', '2014-04-09 10:04:45'),
(330, 'Platform ', 'Mahmudul  Haque', '30000', '308', 8, '2014-01-02', '2014-04-09 10:05:32'),
(331, 'Habib mistry', '', '13000', '309', 8, '2014-01-03', '2014-04-09 10:05:56'),
(332, 'dulal', '', '3000', '310', 8, '2014-01-04', '2014-04-09 10:06:19'),
(333, 'Platform', 'Aminul', '50000', '311', 8, '2014-01-06', '2014-04-09 10:13:46'),
(334, 'Negotiation', '', '35000', '312', 8, '2014-01-06', '2014-04-09 10:07:35'),
(335, 'shaheb ali', '', '10000', '313', 8, '2014-01-06', '2014-04-09 10:08:11'),
(336, 'office expensses', 'Ashraf', '5000', '314', 8, '2014-01-06', '2014-04-09 10:11:43'),
(337, 'Sohel', '', '20000', '315', 8, '2014-01-06', '2014-04-09 10:09:02'),
(338, 'Habib mistry', '', '15000', '316', 8, '2014-01-06', '2014-04-09 10:09:25'),
(339, 'shaheb ali', '', '10000', '317', 8, '2014-01-07', '2014-04-09 10:09:58'),
(340, 'Platform ', 'mahmudul Haque', '30000', '318', 8, '2014-01-09', '2014-04-09 10:15:08'),
(341, 'shaheb ali', '', '14000', '319', 8, '2014-01-09', '2014-04-09 10:15:46'),
(342, 'shaheb ali', '', '3000', '320', 8, '2014-01-12', '2014-04-09 10:16:18'),
(343, 'Razzak', '', '12000', '321', 8, '2014-01-14', '2014-04-09 10:16:42'),
(344, 'dulal', '', '6000', '322', 8, '2014-01-14', '2014-04-09 10:22:06'),
(345, 'Platform ', 'Mahmudul Haque', '30000', '323', 8, '2014-01-15', '2014-04-09 10:17:54'),
(346, 'office molla', '', '7000', '324', 8, '2014-01-14', '2014-04-09 10:22:27'),
(347, 'shaheb ali', '', '13000', '325', 8, '2014-01-18', '2014-04-09 10:19:10'),
(348, 'Barek Mistry', '', '13000', '326', 8, '2014-01-24', '2014-04-09 10:19:45'),
(349, 'Razzak', 'kamal', '13000', '327', 8, '2014-01-20', '2014-04-09 10:20:49'),
(350, 'Sohel', 'Kanchan', '13000', '328', 8, '2014-01-20', '2014-04-09 10:23:37'),
(351, 'Sohel', 'Kanchan', '13000', '329', 8, '2014-01-24', '2014-04-09 10:24:14'),
(352, 'dulal', '', '2000', '330', 8, '2014-01-25', '2014-04-09 10:24:41'),
(353, 'office molla', '', '15000', '331', 8, '2014-01-26', '2014-04-09 10:26:00'),
(354, 'office xen', '', '60000', '332', 8, '2014-01-28', '2014-04-09 10:26:28'),
(355, 'Habib mistry', '', '15000', '333', 8, '2014-01-27', '2014-04-09 10:27:04'),
(356, 'Platform ', 'Mahmudul Haque', '100000', '334', 8, '2014-02-02', '2014-04-09 10:27:47'),
(358, 'Platform ', 'Aminur Rahman', '50000', '335', 8, '2014-02-02', '2014-04-09 10:28:52'),
(359, 'office expensses', 'Aminur', '35000', '336', 8, '2014-02-02', '2014-04-09 10:29:39'),
(360, 'tube well goods', 'UPVC pipe (md. Mozammel Haque)', '100000', '337', 8, '2014-02-02', '2014-04-09 10:31:07'),
(361, 'Water test Fee', '', '54117', '338', 8, '2014-02-03', '2014-04-09 10:31:46'),
(362, 'Sohel', 'Kanchan', '13000', '339', 8, '2014-02-03', '2014-04-09 10:32:22'),
(363, 'Sohel', 'Kanchan', '15000', '340', 8, '2014-02-23', '2014-04-09 10:33:00'),
(364, 'Habib mistry', '', '13000', '341', 8, '2014-02-23', '2014-04-09 10:33:28'),
(365, 'Habib mistry', '', '15000', '342', 8, '2014-03-01', '2014-04-09 10:33:49'),
(366, 'Habib mistry', '', '13000', '343', 8, '2014-03-05', '2014-04-09 10:34:16'),
(367, 'Sohel', 'Kanchan', '7000', '344', 8, '2014-03-05', '2014-04-09 10:34:48'),
(368, 'Razzak', '', '5000', '345', 8, '2014-03-06', '2014-04-09 10:36:07'),
(369, 'Habib mistry', '', '35000', '346', 8, '2014-02-09', '2014-04-09 10:40:19'),
(370, 'Sohel', 'Kanchan', '13000', '347', 8, '2014-02-10', '2014-04-09 10:42:04'),
(371, 'Habib mistry', '', '5000', '348', 8, '2014-02-10', '2014-04-09 10:42:29'),
(372, 'Habib mistry', '', '10000', '349', 8, '2014-02-12', '2014-04-09 10:43:02'),
(373, 'Sohel', 'kanchan', '5000', '350', 8, '2014-02-12', '2014-04-09 10:43:31'),
(374, 'dulal', '', '1000', '351', 8, '2014-02-13', '2014-04-09 10:44:01'),
(375, 'Razzak', 'kamal', '12000', '352', 8, '2014-02-13', '2014-04-09 10:44:29'),
(376, 'Sohel', 'Kanchan', '15000', '353', 8, '2014-02-17', '2014-04-09 10:44:59'),
(377, 'Water test Fee', '', '43500', '354', 8, '2014-02-17', '2014-04-09 10:45:37'),
(378, 'Habib mistry', '', '13000', '355', 8, '2014-02-17', '2014-04-09 10:45:56'),
(379, 'Habib mistry', '', '22000', '357', 8, '2014-03-06', '2014-04-09 10:48:27'),
(380, 'Sohel', '', '6300', '356', 8, '2014-03-06', '2014-04-09 10:48:57'),
(381, 'shaheb ali', '', '3000', '358', 8, '2014-03-06', '2014-04-09 11:47:17'),
(382, 'Sohel', 'Kanchan', '5000', '359', 8, '2014-03-06', '2014-04-09 10:49:47'),
(383, 'Razzak', '', '5000', '360', 8, '2014-03-06', '2014-04-09 10:50:03'),
(384, 'dulal', '', '2000', '361', 8, '2014-03-06', '2014-04-09 10:50:28'),
(385, 'dulal', '', '3000', '362', 8, '2014-03-11', '2014-04-09 10:51:11'),
(386, 'Habib mistry', '', '15000', '363', 8, '2014-03-12', '2014-04-09 10:51:30'),
(387, 'nasir mistry', '', '5000', '364', 8, '2014-03-20', '2014-04-09 10:52:57'),
(388, 'office molla', '', '10000', '365', 8, '2014-03-23', '2014-04-09 10:53:32'),
(389, 'photocopy', '', '2385', '02', 8, '2013-04-04', '2014-04-09 11:04:27'),
(396, 'Mr. Mintu', '', '20000', '07', 11, '2013-04-15', '2014-04-09 16:45:33'),
(397, 'Mr. Shohidul', '', '10000', '08', 11, '2013-05-09', '2014-04-09 16:46:12'),
(398, 'Mr. Shohidul', 'Truck Rent', '4500', '09', 11, '2013-05-11', '2014-04-09 16:47:11'),
(399, 'Tubewell Parts', 'No-02', '33600', '10', 11, '2013-05-14', '2014-04-09 16:48:02'),
(400, 'Mr. Shohidul', '', '15000', '11', 11, '2013-05-19', '2014-04-09 16:48:39'),
(401, 'Mr. Shohidul', '', '5700', '12', 11, '2013-05-22', '2014-04-09 16:49:09'),
(402, 'Mr. Shohidul', '', '12000', '13', 11, '2013-05-24', '2014-04-09 16:49:54'),
(403, 'Pipe & others', '', '17000', '14', 11, '2013-05-27', '2014-04-09 16:50:32'),
(404, 'Mr. Shohidul', '', '1000', '15', 11, '2013-05-28', '2014-04-09 16:51:04'),
(405, 'Mr. Shohidul', '', '12000', '16', 11, '2013-05-28', '2014-04-09 16:51:35'),
(406, 'Pipe & others', '', '4900', '17', 11, '2013-05-29', '2014-04-09 16:52:02'),
(407, 'C/S cost', '', '11295', '18', 11, '2013-05-30', '2014-04-09 16:53:16'),
(408, 'Store Rent', 'Caring', '3200', '19', 11, '2013-05-31', '2014-04-09 16:54:56'),
(409, 'Pipe & others', '', '15300', '20', 11, '2013-05-31', '2014-04-09 16:55:25'),
(410, 'Mr. Shohidul', '', '10000', '21', 11, '2013-06-01', '2014-04-09 16:57:13'),
(411, 'Khan Founding', '', '200000', '22', 11, '2013-06-02', '2014-04-09 16:59:14'),
(412, 'P D office', '', '500000', '23', 11, '2013-06-02', '2014-04-09 16:59:57'),
(413, 'Mr. Barek', '', '75000', '24', 11, '2013-06-02', '2014-04-09 17:00:36'),
(414, 'Office Expense', '', '46600', '26', 11, '2013-06-04', '2014-04-09 17:02:14'),
(415, 'Pipe & others', '', '15300', '27', 11, '2013-06-04', '2014-04-09 17:03:07'),
(416, 'Gound Red', '', '2000', '28', 11, '2013-06-05', '2014-04-09 17:05:13'),
(417, 'Mr. Shohidul', '', '12000', '29', 11, '2013-06-05', '2014-04-09 17:05:44'),
(418, 'Photocopy', '', '1238', '30', 11, '2013-06-04', '2014-04-09 17:06:22'),
(419, 'Office molla', '', '5000', '31', 11, '2013-06-06', '2014-04-09 17:07:10'),
(420, 'mr. dulal', '', '14500', '32', 11, '2013-06-07', '2014-04-09 17:07:46'),
(421, 'mr. dulal', '', '300', '33', 11, '2013-06-07', '2014-04-09 17:08:07'),
(430, 'mr. dulal', '', '2000', '39', 11, '2013-06-11', '2014-04-10 06:54:13'),
(423, 'Khan Founding', '', '100000', '34', 11, '2013-06-07', '2014-04-09 17:09:11'),
(424, 'RFL Plastic', '', '966735', '35', 11, '2013-06-08', '2014-04-09 17:09:44'),
(425, 'Mr. Barek', 'Truck rent', '16000', '36', 11, '2013-06-09', '2014-04-09 17:10:34'),
(429, 'Office Expense', '', '1189', '25', 11, '2013-06-04', '2014-04-10 06:51:59'),
(427, 'Mr. Barek', '', '15000', '37', 11, '2013-06-09', '2014-04-09 17:11:17'),
(428, 'Mr. Shohidul', '', '13000', '38', 11, '2013-06-09', '2014-04-09 17:11:43'),
(431, 'Office Expense', 'P D office', '213000', '40', 11, '2013-06-12', '2014-04-10 06:56:18'),
(432, 'Pay Order', '', '1105230', '41', 11, '2013-06-13', '2014-04-10 06:57:41'),
(433, 'Office Expense', '', '30200', '42', 11, '2013-06-15', '2014-04-10 06:58:41'),
(434, 'Test fee', 'Caring', '3000', '43', 11, '2013-06-15', '2014-04-10 06:59:18'),
(435, 'Mr. Barek', '', '13000', '44', 11, '2013-06-15', '2014-04-10 06:59:48'),
(436, 'Mr. Shohidul', '', '13000', '45', 11, '2013-06-15', '2014-04-10 07:00:08'),
(437, 'Office molla', '', '20000', '46', 11, '2013-06-16', '2014-04-10 07:00:32'),
(438, 'Mr. Barek', '', '13125', '47', 11, '2013-06-18', '2014-04-10 07:00:53'),
(439, 'Mr. Shohidul', '', '13125', '48', 11, '2013-06-18', '2014-04-10 07:01:10'),
(440, 'Test fee', 'BUET', '18200', '49', 11, '2013-06-19', '2014-04-10 07:01:34'),
(441, 'Pipe & others', '', '18460', '50', 11, '2013-06-20', '2014-04-10 07:02:15'),
(442, 'Mr. Barek', '', '13000', '51', 11, '2013-06-22', '2014-04-10 07:02:41'),
(443, 'Office Expense', 'ex. eng & pd', '5000', '52', 11, '2013-06-22', '2014-04-10 07:03:18'),
(444, 'Pipe & others', 'RFL', '1933470', '53', 11, '2013-06-23', '2014-04-10 07:03:47'),
(445, 'Jewel', 'Molla order to send jewel to pay sub contractor', '13000', '54', 11, '2013-06-23', '2014-04-10 07:05:10'),
(446, 'mr. dulal', '', '2000', '55', 11, '2013-06-23', '2014-04-10 07:05:34'),
(447, 'Jewel', '', '3000', '56', 11, '2013-06-24', '2014-04-10 07:05:54'),
(448, 'Jewel', '', '3000', '57', 11, '2013-06-25', '2014-04-10 07:06:19'),
(449, 'Pipe & others', 'Talukdar Group', '433650', '58', 11, '2013-06-26', '2014-04-10 07:07:12'),
(450, 'Office Expense', 'Executive Engineer', '150000', '59', 11, '2013-06-28', '2014-04-10 07:07:52'),
(451, 'Mr. Barek', '', '13000', '60', 11, '2013-07-01', '2014-04-10 07:08:16'),
(452, 'Office Expense', 'Mr. Pranesh', '30000', '61', 11, '2013-07-02', '2014-04-10 07:08:43'),
(453, 'Mr. Shohidul', '', '13000', '62', 11, '2013-07-05', '2014-04-10 07:09:06'),
(454, 'Mr. Barek', '', '13000', '63', 11, '2013-07-06', '2014-04-10 07:09:37'),
(455, 'Mr. Shohidul', '', '11830', '64', 11, '2013-07-08', '2014-04-10 07:09:58'),
(456, 'Pipe & others', 'Hand pump unloading', '2000', '65', 11, '2013-07-08', '2014-04-10 07:10:35'),
(457, 'Jewel', '', '4000', '66', 11, '2013-07-10', '2014-04-10 07:10:58'),
(458, 'Mr. Barek', '', '13000', '67', 11, '2013-07-10', '2014-04-10 07:11:17'),
(459, 'Mr. Shohidul', '', '13000', '68', 11, '2013-07-10', '2014-04-10 07:11:39'),
(460, 'Mr. Shohidul', '', '13400', '69', 11, '2013-07-11', '2014-04-10 07:12:00'),
(461, 'Mr. Barek', '', '13000', '70', 11, '2013-07-14', '2014-04-10 07:12:20'),
(462, 'Mr. Mintu', '', '100000', '71', 11, '2013-07-16', '2014-04-10 07:12:47'),
(463, 'Office Expense', 'P D sweet & Fish', '7500', '72', 11, '2013-07-16', '2014-04-10 07:13:26'),
(464, 'Mr. Sohel', '', '40000', '73', 11, '2013-07-18', '2014-04-10 07:14:14'),
(465, 'Office Expense', 'S Eng.', '15000', '74', 11, '2013-07-18', '2014-04-10 07:15:09'),
(466, 'Mr. Barek', '', '13000', '75', 11, '2013-07-18', '2014-04-10 07:15:27'),
(467, 'Mr. Shohidul', '', '10000', '76', 11, '2013-07-18', '2014-04-10 07:15:44'),
(468, 'Mr. Barek', '', '14000', '77', 11, '2013-07-21', '2014-04-10 07:23:35'),
(469, 'Mr. Sohel', '', '10000', '78', 11, '2013-07-21', '2014-04-10 07:23:49'),
(470, 'Pipe & others', '', '3000', '79', 11, '2013-07-22', '2014-04-10 07:24:47'),
(471, 'Mr. Shohidul', '', '10000', '80', 11, '2013-07-22', '2014-04-10 07:25:01'),
(472, 'Mr. Sohel', '', '10000', '81', 11, '2013-07-22', '2014-04-10 07:25:52'),
(473, 'Mr. Shohidul', '', '13000', '82', 11, '2013-07-28', '2014-04-10 07:32:37'),
(474, 'Pipe & others', 'G I top sheets', '5600', '83', 11, '2013-07-28', '2014-04-10 07:33:01'),
(475, 'Mr. Sohel', '', '13000', '84', 11, '2013-07-28', '2014-04-10 07:33:21'),
(476, 'Mr. Barek', '', '13000', '85', 11, '2013-07-27', '2014-04-10 07:33:48'),
(477, 'Mr. Sohel', '', '10000', '86', 11, '2013-07-30', '2014-04-10 07:34:13'),
(478, 'Mr. Barek', '', '13000', '87', 11, '2013-07-30', '2014-04-10 07:34:34'),
(479, 'Mr. Sohel', '', '10000', '88', 11, '2013-08-01', '2014-04-10 07:34:58'),
(480, 'Mr. Shohidul', '', '20500', '89', 11, '2013-08-02', '2014-04-10 07:35:23'),
(481, 'mr. dulal', '', '4000', '90', 11, '2013-08-03', '2014-04-10 07:35:43'),
(482, 'Mr. Barek', '', '13000', '91', 11, '2013-08-03', '2014-04-10 07:36:01'),
(483, 'Jewel', 'Molla ordered to pay jewel to send sub contractor', '15000', '92', 11, '2013-08-04', '2014-04-10 07:36:54'),
(484, 'Mr. Shohidul', '', '3000', '93', 11, '2013-08-05', '2014-04-10 07:37:14'),
(485, 'Mr. Barek', '', '70000', '94', 11, '2013-08-05', '2014-04-10 07:37:34'),
(486, 'Mr. Sohel', '', '10000', '95', 11, '2013-08-06', '2014-04-10 07:37:52'),
(487, 'mr. dulal', 'Molla ordered to pay Dulal to send sub contractor', '15530', '96', 11, '2013-08-07', '2014-04-10 07:39:35'),
(488, 'Mr. Shohidul', '', '40000', '97', 11, '2013-08-14', '2014-04-10 07:40:34'),
(489, 'Mr. Sohel', '', '40000', '98', 11, '2013-08-14', '2014-04-10 07:40:58'),
(490, 'Mr. Sohel', '', '10000', '99', 11, '2013-08-15', '2014-04-10 07:41:16'),
(491, 'Office Expense', 'Mr. Pranesh', '20000', '100', 11, '2013-08-15', '2014-04-10 07:41:46'),
(492, 'Mr. Shohidul', '', '12000', '101', 11, '2013-08-18', '2014-04-10 07:42:06'),
(493, 'Mr. Barek', '', '10000', '102', 11, '2013-08-18', '2014-04-10 07:42:23'),
(494, 'Mr. Sohel', '', '10000', '103', 11, '2013-08-18', '2014-04-10 07:42:40'),
(495, 'mr. dulal', '', '2000', '104', 11, '2013-08-19', '2014-04-10 07:43:07'),
(496, 'Mr. Sohel', '', '10000', '105', 11, '2013-08-21', '2014-04-10 07:43:37'),
(497, 'Mr. Shohidul', '', '10000', '106', 11, '2013-08-22', '2014-04-10 07:43:58'),
(498, 'Jewel', '', '9500', '107', 11, '2013-08-21', '2014-04-10 07:44:17'),
(499, 'Mr. Barek', '', '13000', '108', 11, '2013-08-25', '2014-04-10 07:44:39'),
(500, 'Mr. Sohel', '', '10000', '109', 11, '2013-08-25', '2014-04-10 07:44:57'),
(501, 'Jewel', '', '2000', '110', 11, '2013-08-25', '2014-04-10 07:45:10'),
(502, 'Mr. Shohidul', '', '10200', '111', 11, '2013-08-26', '2014-04-10 07:45:35'),
(503, 'Mr. Shohidul', '', '10000', '112', 11, '2013-08-27', '2014-04-10 07:45:53'),
(504, 'Mr. Barek', '', '13000', '113', 11, '2013-08-29', '2014-04-10 07:46:14'),
(505, 'Mr. Sohel', '', '10000', '114', 11, '2013-08-29', '2014-04-10 07:46:31'),
(506, 'Mr. Barek', '', '13000', '115', 11, '2013-09-01', '2014-04-10 07:47:05'),
(507, 'Mr. Shohidul', '', '12000', '116', 11, '2013-09-01', '2014-04-10 07:47:26'),
(508, 'Mr. Sohel', '', '3000', '117', 11, '2013-09-02', '2014-04-10 07:47:43'),
(509, 'Office Expense', 'Sub Asst Eng', '5000', '118', 11, '2013-09-03', '2014-04-10 07:48:12'),
(510, 'Mr. Sohel', '', '2000', '119', 11, '2013-09-05', '2014-04-10 07:48:48'),
(511, 'Mr. Shohidul', '', '12000', '120', 11, '2013-09-05', '2014-04-10 07:49:07'),
(512, 'Mr. Sohel', '', '12000', '121', 11, '2013-09-06', '2014-04-10 07:49:24'),
(513, 'mr. dulal', '', '2000', '122', 11, '2013-09-07', '2014-04-10 07:49:42'),
(514, 'Office Expense', 'Executive Engineer', '28500', '123', 11, '2013-09-08', '2014-04-10 07:50:19'),
(515, 'Mr. Barek', '', '13000', '124', 11, '2013-09-08', '2014-04-10 07:50:37'),
(516, 'Office Expense', 'Office molla', '1000', '125', 11, '2013-09-08', '2014-04-10 07:51:03'),
(517, 'Mr. Shohidul', '', '8000', '126', 11, '2013-09-09', '2014-04-10 07:51:26'),
(518, 'Mr. Sohel', '', '12000', '127', 11, '2013-09-10', '2014-04-10 07:51:51'),
(519, 'mr. dulal', '', '2000', '128', 11, '2013-09-12', '2014-04-10 07:52:08'),
(520, 'Mr. Shohidul', '', '3000', '129', 11, '2013-09-12', '2014-04-10 07:52:25'),
(521, 'Mr. Barek', '', '14000', '130', 11, '2013-09-12', '2014-04-10 07:52:50'),
(522, 'Mr. Barek', '', '14000', '131', 11, '2013-09-13', '2014-04-10 07:53:09'),
(523, 'mr. dulal', '', '2000', '132', 11, '2013-09-15', '2014-04-10 07:54:05'),
(524, 'Mr. Shohidul', '', '12000', '133', 11, '2013-09-15', '2014-04-10 07:54:19'),
(525, 'Mr. Sohel', '', '12000', '134', 11, '2013-09-15', '2014-04-10 07:54:33'),
(526, 'Office Expense', 'Work asst.', '1500', '135', 11, '2013-09-17', '2014-04-10 08:00:13'),
(527, 'Mr. Sohel', '', '12000', '136', 11, '2013-09-19', '2014-04-10 08:00:31'),
(528, 'Mr. Barek', '', '13000', '137', 11, '2013-09-20', '2014-04-10 08:00:58'),
(529, 'Mr. Shohidul', '', '12000', '138', 11, '2013-09-21', '2014-04-10 08:01:16'),
(530, 'Mr. Sohel', '', '12000', '139', 11, '2013-09-22', '2014-04-10 08:01:49'),
(531, 'Mr. Shohidul', '', '1000', '140', 11, '2013-09-22', '2014-04-10 08:03:47'),
(532, 'Mr. Barek', '', '13000', '141', 11, '2013-09-24', '2014-04-10 08:04:03'),
(533, 'Mr. Sohel', '', '12000', '142', 11, '2013-09-25', '2014-04-10 08:04:20'),
(534, 'Mr. Jamal', '', '12000', '143', 11, '2013-09-27', '2014-04-10 08:04:54'),
(535, 'Mr. Barek', '', '13000', '144', 11, '2013-09-28', '2014-04-10 08:05:10'),
(536, 'Office Expense', 'Executive Engineer', '100000', '145', 11, '2013-09-29', '2014-04-10 08:05:42'),
(537, 'Mr. Jamal', '', '12000', '146', 11, '2013-09-29', '2014-04-10 08:06:28'),
(538, 'Test fee', 'Pay Order', '115000', '147', 11, '2013-09-30', '2014-04-10 08:06:54'),
(539, 'Mr. Shohidul', '', '12000', '148', 11, '2013-09-30', '2014-04-10 08:07:14'),
(540, 'Mr. Jamal', '', '12000', '149', 11, '2013-10-02', '2014-04-10 08:07:46'),
(541, 'Mr. Barek', '', '13000', '150', 11, '2013-10-02', '2014-04-10 08:08:01'),
(542, 'Office Expense', 'Ratan', '5000', '151', 11, '2013-10-03', '2014-04-10 08:08:34'),
(543, 'Mr. Barek', '', '10000', '152', 11, '2013-10-05', '2014-04-10 08:11:55'),
(544, 'Mr. Shohidul', '', '2000', '153', 11, '2013-10-05', '2014-04-10 08:12:18'),
(545, 'Mr. Jamal', '', '12000', '154', 11, '2013-10-05', '2014-04-10 08:12:37'),
(546, 'mr. dulal', '', '2000', '155', 11, '2013-10-06', '2014-04-10 08:12:58'),
(547, 'Mr. Barek', '', '13000', '156', 11, '2013-10-07', '2014-04-10 08:13:19'),
(548, 'Mr. Jamal', '', '12000', '157', 11, '2013-10-07', '2014-04-10 08:14:30'),
(549, 'Jewel', '', '3000', '158', 11, '2013-10-07', '2014-04-10 08:16:41'),
(550, 'Mr. Jamal', '', '12000', '159', 11, '2013-10-10', '2014-04-10 08:17:18'),
(551, 'Mr. Barek', '', '13000', '160', 11, '2013-10-11', '2014-04-10 08:17:43'),
(552, 'Mr. Jamal', '', '12000', '161', 11, '2013-10-12', '2014-04-10 08:18:01'),
(553, 'Pipe & others', 'Guard', '2000', '162', 11, '2013-10-13', '2014-04-10 08:18:38'),
(554, 'Mr. Jamal', 'Razzaque', '25000', '163', 11, '2013-10-13', '2014-04-10 08:19:17'),
(555, 'Mr. Barek', '', '30000', '164', 11, '2013-10-13', '2014-04-10 08:19:30'),
(556, 'Mr. Jamal', 'Razzaque', '5000', '165', 11, '2013-10-14', '2014-04-10 08:20:00'),
(557, 'Mr. Barek', '', '10000', '166', 11, '2013-10-14', '2014-04-10 08:20:21'),
(558, 'Mr. Sohel', '', '10000', '167', 11, '2013-10-15', '2014-04-10 08:20:40'),
(559, 'Mr. Barek', '', '13000', '168', 11, '2013-10-15', '2014-04-10 08:20:59'),
(560, 'Office Expense', 'P D For Fund', '50000', '169', 11, '2013-10-20', '2014-04-10 08:21:53'),
(561, 'Mr. Barek', '', '13000', '170', 11, '2013-10-20', '2014-04-10 08:22:13'),
(562, 'Mr. Jamal', '', '12000', '171', 11, '2013-10-21', '2014-04-10 08:22:40'),
(563, 'Test fee', 'mr. dulal', '32000', '172', 11, '2013-10-21', '2014-04-10 08:23:21'),
(564, 'Mr. Jamal', 'Razzaque', '5000', '173', 11, '2013-10-21', '2014-04-10 08:23:52'),
(565, 'Mr. Shohidul', '', '30000', '174', 11, '2013-10-23', '2014-04-10 08:24:11'),
(566, 'Mr. Jamal', '', '12000', '175', 11, '2013-10-24', '2014-04-10 08:24:30'),
(567, 'Mr. Barek', '', '13000', '176', 11, '2013-10-24', '2014-04-10 08:25:59'),
(568, 'Mr. Jamal', '', '13000', '177', 11, '2013-10-27', '2014-04-10 08:31:27'),
(569, 'Mr. Barek', '', '13000', '178', 11, '2013-10-29', '2014-04-10 08:31:47'),
(570, 'Office Expense', 'Executive Engineer', '3000', '179', 11, '2013-10-31', '2014-04-10 10:00:31'),
(571, 'Mr. Barek', '', '13000', '180', 11, '2013-10-31', '2014-04-10 10:00:54'),
(572, 'Mr. Shohidul', '', '5000', '181', 11, '2013-10-31', '2014-04-10 10:01:35'),
(573, 'Mr. Shohidul', '', '3000', '182', 11, '2013-11-01', '2014-04-10 10:02:11'),
(574, 'Mr. Barek', '', '13000', '183', 11, '2013-11-03', '2014-04-10 10:03:36'),
(575, 'Mr. Shohidul', '', '9000', '184', 11, '2013-11-03', '2014-04-10 10:04:03'),
(576, 'Mr. Jamal', '', '13000', '185', 11, '2013-11-04', '2014-04-10 10:05:24'),
(577, 'mr. dulal', '', '2000', '186', 11, '2013-11-04', '2014-04-10 10:05:46'),
(578, 'Mr. Jamal', '', '4000', '187', 11, '2013-11-03', '2014-04-10 10:06:04'),
(579, 'Mr. Jamal', '', '12000', '188', 11, '2013-11-06', '2014-04-10 10:06:30'),
(580, 'Mr. Barek', '', '13000', '189', 11, '2013-11-07', '2014-04-10 10:07:03'),
(581, 'Mr. Shohidul', '', '12000', '190', 11, '2013-11-07', '2014-04-10 10:07:26'),
(582, 'Mr. Barek', '', '2000', '191', 11, '2013-11-09', '2014-04-10 10:07:54'),
(583, 'Mr. Jamal', '', '12000', '192', 11, '2013-11-10', '2014-04-10 10:09:13'),
(584, 'Mr. Barek', '', '13000', '193', 11, '2013-11-12', '2014-04-10 10:09:35'),
(585, 'Mr. Shohidul', '', '13000', '194', 11, '2013-11-13', '2014-04-10 10:10:00'),
(586, 'Mr. Jamal', '', '15000', '195', 11, '2013-11-14', '2014-04-10 10:10:18'),
(587, 'Mr. Shohidul', '', '13000', '196', 11, '2013-11-16', '2014-04-10 10:10:36'),
(588, 'Mr. Barek', '', '14000', '197', 11, '2013-11-16', '2014-04-10 10:10:56'),
(589, 'Mr. Jamal', '', '12000', '198', 11, '2013-11-17', '2014-04-10 10:11:14'),
(590, 'Mr. Jamal', '', '12000', '198', 11, '2013-11-17', '2014-04-10 10:11:16'),
(591, 'Mr. Shohidul', '', '13000', '199', 11, '2013-11-19', '2014-04-10 10:11:33'),
(592, 'Mr. Barek', '', '13000', '200', 11, '2013-11-19', '2014-04-10 10:11:53'),
(593, 'Mr. Barek', '', '70000', '201', 11, '2013-11-20', '2014-04-10 10:12:23'),
(594, 'Pipe & others', 'Truck Rent', '7250', '202', 11, '2013-11-20', '2014-04-10 10:13:03'),
(595, 'Mr. Jamal', '', '12000', '203', 11, '2013-11-20', '2014-04-10 10:13:20'),
(596, 'Office Expense', 'Office molla for bill', '105000', '204', 11, '2013-11-21', '2014-04-10 10:14:17'),
(597, 'Pipe & others', 'gum', '7750', '205', 11, '2013-11-23', '2014-04-10 10:14:41'),
(598, 'Mr. Shohidul', '', '12000', '206', 11, '2013-11-22', '2014-04-10 10:14:59'),
(599, 'Mr. Barek', '', '13000', '207', 11, '2013-11-23', '2014-04-10 10:15:15'),
(600, 'Office Expense', 'Office molla for bill', '120000', '208', 11, '2013-11-24', '2014-04-10 10:15:42'),
(601, 'Mr. Jamal', '', '12000', '209', 11, '2013-11-24', '2014-04-10 10:15:59'),
(602, 'Mr. Shohidul', '', '12000', '210', 11, '2013-11-26', '2014-04-10 10:16:15'),
(603, 'Mr. Jamal', '', '12000', '211', 11, '2013-11-26', '2014-04-10 10:16:31'),
(604, 'Mr. Shohidul', '', '12000', '212', 11, '2013-11-30', '2014-04-10 10:16:47'),
(605, 'Mr. Jamal', '', '12000', '213', 11, '2013-11-30', '2014-04-10 10:17:02'),
(606, 'Mr. Jamal', 'Razzaque', '13000', '214', 11, '2013-11-30', '2014-04-10 10:17:29'),
(607, 'Mr. Barek', '', '13000', '215', 11, '2013-12-01', '2014-04-10 10:17:56'),
(608, 'Photocopy', '', '1400', '216', 11, '2013-12-03', '2014-04-10 10:18:22'),
(609, 'Mr. Jamal', '', '12000', '217', 11, '2013-12-03', '2014-04-10 10:18:39'),
(610, 'Mr. Jamal', '', '42000', '218', 11, '2013-12-04', '2014-04-10 10:18:58'),
(611, 'Mr. Shohidul', '', '12000', '219', 11, '2013-12-05', '2014-04-10 10:19:25'),
(612, 'Mr. Barek', '', '13000', '220', 11, '2013-12-05', '2014-04-10 10:25:48'),
(613, 'Mr. Jamal', '', '12000', '221', 11, '2013-12-07', '2014-04-10 10:26:14'),
(614, 'Mr. Jamal', 'Razzaque', '20000', '222', 11, '2013-12-07', '2014-04-10 10:26:55'),
(615, 'Office Expense', 'Executive Engineer ', '40000', '223', 11, '2013-12-08', '2014-04-10 10:27:33'),
(616, 'Mr. Shohidul', '', '12000', '224', 11, '2013-12-08', '2014-04-10 10:27:57'),
(617, 'Mr. Jamal', '', '12000', '225', 11, '2013-12-09', '2014-04-10 10:28:21'),
(618, 'Platform', 'ashrafur', '40000', '226', 11, '2013-12-10', '2014-04-10 10:29:50'),
(619, 'Mr. Shohidul', '', '12000', '227', 11, '2013-12-11', '2014-04-10 10:30:07'),
(620, 'Mr. Barek', '', '13000', '228', 11, '2013-12-10', '2014-04-10 10:30:28'),
(621, 'Mr. Barek', '', '13000', '229', 11, '2013-12-14', '2014-04-10 10:30:50');
INSERT INTO `expenses` (`id`, `particulars`, `reference`, `amount`, `voucher_no`, `project_id`, `create_date`, `modify_date`) VALUES
(622, 'Mr. Shohidul', '', '13000', '230', 11, '2013-12-16', '2014-04-10 10:31:07'),
(623, 'Mr. Barek', '', '13000', '231', 11, '2013-12-19', '2014-04-10 10:31:22'),
(624, 'Mr. Shohidul', '', '12000', '232', 11, '2013-12-21', '2014-04-10 10:31:42'),
(625, 'Mr. Shohidul', '', '12000', '233', 11, '2013-12-23', '2014-04-10 10:31:57'),
(626, 'Mr. Barek', '', '13000', '234', 11, '2013-12-28', '2014-04-10 10:32:14'),
(627, 'Mr. Shohidul', '', '12000', '235', 11, '2013-12-27', '2014-04-10 10:32:32'),
(628, 'Mr. Barek', '', '13000', '236', 11, '2013-12-28', '2014-04-10 10:32:52'),
(629, 'Mr. Jamal', '', '5000', '237', 11, '2013-12-28', '2014-04-10 10:33:15'),
(630, 'Mr. Shohidul', '', '12000', '238', 11, '2013-12-31', '2014-04-10 10:33:42'),
(631, 'Mr. Jamal', '', '12000', '239', 11, '2013-12-31', '2014-04-10 10:33:55'),
(632, 'Mr. Jamal', '', '15000', '240', 11, '2014-01-01', '2014-04-10 10:34:19'),
(633, 'Mr. Barek', '', '13000', '241', 11, '2014-01-02', '2014-04-10 10:34:45'),
(634, 'Mr. Barek', '', '35000', '242', 11, '2014-01-02', '2014-04-10 10:34:58'),
(635, 'Mr. Shohidul', '', '30000', '243', 11, '2014-01-02', '2014-04-10 10:35:14'),
(636, 'Platform', 'Ashrafur', '40000', '244', 11, '2014-01-02', '2014-04-10 10:35:43'),
(637, 'Pipe & others', 'guard', '500', '245', 11, '2014-01-03', '2014-04-10 10:38:33'),
(638, 'Mr. Jamal', '', '12000', '246', 11, '2014-01-04', '2014-04-10 10:38:57'),
(639, 'Mr. Jamal', '', '15000', '247', 11, '2014-01-06', '2014-04-10 10:45:05'),
(640, 'Mr. Shohidul', '', '3000', '248', 11, '2014-01-06', '2014-04-10 10:46:06'),
(641, 'Mr. Barek', '', '13000', '249', 11, '2014-01-07', '2014-04-10 10:47:20'),
(642, 'Office Expense', 'P D for fund ', '50000', '250', 11, '2014-01-09', '2014-04-10 10:49:26'),
(643, 'Mr. Jamal', '', '12000', '251', 11, '2014-01-09', '2014-04-10 10:50:09'),
(644, 'Office Expense', 'P D for fund', '15000', '252', 11, '2014-01-09', '2014-04-10 10:50:36'),
(645, 'Mr. Barek', '', '26000', '253', 11, '2014-01-11', '2014-04-10 10:51:02'),
(646, 'Platform', 'Kawsar', '40000', '254', 11, '2014-01-15', '2014-04-10 10:51:38'),
(647, 'Platform', 'Ashrafur', '30000', '255', 11, '2014-01-15', '2014-04-10 10:52:18'),
(648, 'Mr. Barek', '', '65000', '256', 11, '2014-01-14', '2014-04-10 10:52:42'),
(649, 'Mr. Jamal', '', '12000', '257', 11, '2014-01-16', '2014-04-10 10:53:08'),
(650, 'Mr. Barek', '', '13000', '258', 11, '2014-01-18', '2014-04-10 10:53:30'),
(651, 'Mr. Shohidul', '', '12000', '259', 11, '2014-01-19', '2014-04-10 11:20:14'),
(652, 'Mr. Barek', '', '34000', '260', 11, '2014-01-22', '2014-04-10 11:20:48'),
(653, 'Mr. Jamal', '', '12000', '261', 11, '2014-01-22', '2014-04-10 11:22:05'),
(654, 'Office Expense', ' 3rd R A bill expense', '207150', '262', 11, '2014-01-22', '2014-04-10 11:23:17'),
(655, 'Office Expense', 'Asst Eng. for billl', '27000', '263', 11, '2014-01-22', '2014-04-10 11:23:49'),
(656, 'Office Expense', 'Asst eng Kawsar', '2000', '264', 11, '2014-01-22', '2014-04-10 11:24:17'),
(657, 'Mr. Shohidul', '', '12000', '265', 11, '2014-01-24', '2014-04-10 11:24:43'),
(658, 'Mr. shaheb Ali', '', '20000', '266', 11, '2014-01-25', '2014-04-10 11:25:22'),
(659, 'Mr. Jamal', 'Razzaque?Kamal', '12000', '267', 11, '2014-01-26', '2014-04-10 11:25:52'),
(660, 'Platform', 'Ashrafur', '30000', '268', 11, '2014-01-27', '2014-04-10 11:26:24'),
(661, 'Platform', 'Kawsar', '50000', '269', 11, '2014-01-27', '2014-04-10 11:26:45'),
(662, 'Mr. Jamal', '', '12000', '270', 11, '2014-01-27', '2014-04-10 11:27:04'),
(663, 'Mr. Barek', '', '13000', '271', 11, '2014-01-28', '2014-04-10 11:27:23'),
(664, 'Mr. Barek', '', '13000', '272', 11, '2014-01-28', '2014-04-10 11:27:41'),
(665, 'Mr. Shohidul', '', '12000', '273', 11, '2014-01-28', '2014-04-10 11:27:59'),
(666, 'Mr. Jamal', 'Razzaque/kamal', '12000', '274', 11, '2014-01-30', '2014-04-10 11:28:32'),
(667, 'Mr. shaheb Ali', '', '5000', '275', 11, '2014-01-30', '2014-04-10 11:28:55'),
(668, 'Mr. Jamal', '', '12000', '276', 11, '2014-01-31', '2014-04-10 11:29:13'),
(669, 'Mr. Barek', '', '13000', '277', 11, '2014-02-01', '2014-04-10 11:29:34'),
(670, 'Mr. shaheb Ali', '', '12000', '278', 11, '2014-02-01', '2014-04-10 11:29:52'),
(671, 'Mr. Shohidul', '', '12000', '279', 11, '2014-02-01', '2014-04-10 11:30:06'),
(672, 'Platform', 'Sourav Roy', '50000', '280', 11, '2014-02-02', '2014-04-10 11:30:39'),
(673, 'Mr. Barek', '', '13000', '281', 11, '2014-02-02', '2014-04-10 11:30:55'),
(674, 'Mr. Barek', '', '13000', '283', 11, '2014-02-02', '2014-04-10 11:31:38'),
(675, 'Pipe & others', 'G I Top Sheets', '12500', '282', 11, '2014-02-03', '2014-04-10 11:32:25'),
(676, 'Mr. Jamal', 'Razzaque/Kamal', '12000', '284', 11, '2014-02-03', '2014-04-10 11:32:55'),
(677, 'Mr. Jamal', '', '12000', '285', 11, '2014-02-03', '2014-04-10 11:33:14'),
(678, 'Mr. shaheb Ali', '', '12000', '286', 11, '2014-02-03', '2014-04-10 11:33:38'),
(679, 'Mr. Barek', '', '12500', '287', 11, '2014-02-03', '2014-04-10 11:33:55'),
(680, 'Mr. Barek', '', '13000', '288', 11, '2014-02-04', '2014-04-10 11:34:16'),
(681, 'Mr. Jamal', '', '10000', '289', 11, '2014-02-04', '2014-04-10 11:34:41'),
(682, 'Mr. Shohidul', '', '12000', '290', 11, '2014-02-05', '2014-04-10 11:35:04'),
(683, 'Mr. Jamal', 'Razzaque/Kamal', '5000', '291', 11, '2014-02-05', '2014-04-10 11:35:51'),
(684, 'mr. dulal', '', '5000', '292', 11, '2014-02-05', '2014-04-10 11:36:15'),
(685, 'Mr. shaheb Ali', '', '12000', '293', 11, '2014-02-05', '2014-04-10 11:36:27'),
(686, 'Mr. Barek', '', '13000', '294', 11, '2014-02-06', '2014-04-10 11:36:45'),
(687, 'Mr. Jamal', 'Razzaque/Kamal', '12000', '295', 11, '2014-02-06', '2014-04-10 11:37:13'),
(688, 'Mr. shaheb Ali', '', '12000', '296', 11, '2014-02-07', '2014-04-10 11:37:55'),
(689, 'Pipe & others', 'Guard', '1000', '298', 11, '2014-02-07', '2014-04-10 11:38:27'),
(690, 'Mr. Barek', '', '13000', '299', 11, '2014-02-08', '2014-04-10 11:38:53'),
(691, 'Mr. Shohidul', '', '12000', '300', 11, '2014-02-08', '2014-04-10 11:39:11'),
(692, 'Mr. shaheb Ali', '', '12000', '301', 11, '2014-02-23', '2014-04-10 11:39:32'),
(693, 'Mr. Barek', '', '13000', '302', 11, '2014-02-23', '2014-04-10 11:39:52'),
(694, 'Mr. Jamal', 'Razzaque/Kamal', '12000', '303', 11, '2014-02-23', '2014-04-10 11:43:22'),
(695, 'Mr. Barek', '', '13000', '304', 11, '2014-02-24', '2014-04-10 11:43:41'),
(696, 'Mr. Jamal', 'Razzaque/Kamal', '12000', '305', 11, '2014-02-24', '2014-04-10 11:44:15'),
(697, 'Mr. Shohidul', '', '13000', '306', 11, '2014-02-24', '2014-04-10 11:44:35'),
(698, 'Mr. Barek', '', '100000', '307', 11, '2014-02-25', '2014-04-10 11:44:53'),
(699, 'Mr. Barek', '', '10000', '308', 11, '2014-02-25', '2014-04-10 11:45:09'),
(700, 'Mr. Barek', '', '13000', '309', 11, '2014-02-27', '2014-04-10 11:45:26'),
(701, 'Mr. Jamal', '', '12000', '310', 11, '2014-02-27', '2014-04-10 11:45:51'),
(702, 'Mr. shaheb Ali', '', '12000', '311', 11, '2014-02-27', '2014-04-10 11:46:10'),
(703, 'Platform', 'Sourov Roy', '50000', '312', 11, '2014-03-02', '2014-04-10 11:46:47'),
(704, 'Mr. Barek', '', '26000', '313', 11, '2014-03-02', '2014-04-10 11:47:02'),
(705, 'Mr. Jamal', '', '12000', '314', 11, '2014-03-02', '2014-04-10 11:47:24'),
(706, 'Mr. Jamal', '', '12000', '315', 11, '2014-03-04', '2014-04-10 11:47:43'),
(707, 'Mr. shaheb Ali', '', '12000', '316', 11, '2014-03-04', '2014-04-10 11:48:03'),
(708, 'Mr. Barek', '', '13000', '317', 11, '2014-03-06', '2014-04-10 11:48:28'),
(709, 'Mr. Jamal', '', '12000', '318', 11, '2014-03-06', '2014-04-10 11:48:46'),
(710, 'Mr. Jamal', 'Razzaque/Kamal', '12000', '319', 11, '2014-02-09', '2014-04-10 11:49:29'),
(711, 'mr. dulal', '', '3000', '320', 11, '2014-02-09', '2014-04-10 11:49:43'),
(712, 'Mr. Jamal', 'Razzaque?Kamal', '12000', '321', 11, '2014-02-09', '2014-04-10 11:50:10'),
(713, 'Mr. Barek', '', '13000', '322', 11, '2014-02-11', '2014-04-10 11:50:35'),
(714, 'Mr. shaheb Ali', '', '12000', '323', 11, '2014-02-11', '2014-04-10 11:50:54'),
(715, 'Mr. Jamal', 'Razzaque/Kamal', '12000', '324', 11, '2014-02-12', '2014-04-10 11:51:32'),
(716, 'Mr. Barek', '', '13000', '325', 11, '2014-02-12', '2014-04-10 11:52:32'),
(717, 'Platform', 'Sourov Roy', '30000', '326', 11, '2014-02-12', '2014-04-10 11:53:24'),
(718, 'Platform', 'ashrafur ', '20000', '327', 11, '2014-02-12', '2014-04-10 11:53:54'),
(719, 'Mr. shaheb Ali', '', '13000', '328', 11, '2014-02-13', '2014-04-10 11:55:52'),
(720, 'Mr. Shohidul', '', '12000', '329', 11, '2014-02-13', '2014-04-10 11:56:13'),
(721, 'Mr. shaheb Ali', '', '1800', '330', 11, '2014-02-13', '2014-04-10 11:56:32'),
(722, 'Mr. Barek', '', '13000', '331', 11, '2014-02-16', '2014-04-10 11:56:54'),
(723, 'Mr. shaheb Ali', '', '12000', '332', 11, '2014-02-16', '2014-04-10 11:57:07'),
(724, 'Mr. Jamal', 'Razzaque?Kamal', '12000', '333', 11, '2014-02-16', '2014-04-10 11:57:41'),
(725, 'Mr. Shohidul', '', '12000', '334', 11, '2014-02-16', '2014-04-10 11:57:56'),
(726, 'mr. dulal', '', '2000', '335', 11, '2014-02-16', '2014-04-10 11:58:12'),
(727, 'Mr. Jamal', '', '10000', '336', 11, '2014-02-17', '2014-04-10 11:58:56'),
(728, 'Mr. Jamal', '', '12000', '337', 11, '2014-02-18', '2014-04-10 11:59:22'),
(729, 'Mr. Shohidul', '', '12000', '338', 11, '2014-02-19', '2014-04-10 11:59:39'),
(730, 'Mr. shaheb Ali', '', '12000', '339', 11, '2014-02-19', '2014-04-10 12:00:05'),
(731, 'mr. dulal', '', '5000', '340', 11, '2014-02-19', '2014-04-10 12:00:21'),
(732, 'Mr. Jamal', 'Razzaque?Kamal', '12000', '341', 11, '2014-02-20', '2014-04-10 12:00:49'),
(733, 'Mr. Barek', '', '13000', '342', 11, '2014-02-20', '2014-04-10 12:01:02'),
(734, 'Mr. Barek', '', '13000', '343', 11, '2014-02-20', '2014-04-10 12:01:15'),
(735, 'Mr. Jamal', 'Razzaque?kamal', '40000', '344', 11, '2014-03-06', '2014-04-10 12:02:32'),
(736, 'Mr. Shohidul', '', '5000', '345', 11, '2014-03-06', '2014-04-10 12:03:10'),
(737, 'Mr. Jamal', '', '10000', '346', 11, '2014-03-06', '2014-04-10 12:03:29'),
(738, 'Office Expense', 'Executive Engineer for bill', '5000', '347', 11, '2014-03-06', '2014-04-10 12:04:02'),
(739, 'Platform', 'Ashrafur', '50000', '348', 11, '2014-03-09', '2014-04-10 12:04:32'),
(740, 'Mr. Barek', '', '13000', '349', 11, '2014-03-09', '2014-04-10 12:04:55'),
(741, 'Mr. shaheb Ali', '', '12000', '350', 11, '2014-03-09', '2014-04-10 12:05:11'),
(742, 'Mr. Jamal', '', '12000', '351', 11, '2014-03-09', '2014-04-10 12:05:31'),
(743, 'Mr. Jamal', '', '12000', '352', 11, '2014-03-12', '2014-04-10 12:05:55'),
(744, 'Mr. Barek', '', '13000', '353', 11, '2014-03-12', '2014-04-10 12:06:18'),
(745, 'Mr. shaheb Ali', '', '12000', '354', 11, '2014-03-13', '2014-04-10 12:06:36'),
(746, 'Mr. Jamal', '', '12000', '355', 11, '2014-03-16', '2014-04-10 12:08:41'),
(747, 'Mr. Barek', '', '13000', '356', 11, '2014-03-16', '2014-04-10 12:08:57'),
(748, 'Platform', 'Kawsar', '28000', '357', 11, '2014-03-18', '2014-04-10 12:09:41'),
(749, 'Mr. Barek', '', '13000', '358', 11, '2014-03-18', '2014-04-10 12:10:24'),
(750, 'Mr. Jamal', '', '12000', '359', 11, '2014-03-19', '2014-04-10 12:12:07'),
(751, 'Office Expense', 'Office molla for bill (pending)', '30000', '360', 11, '2014-03-19', '2014-04-10 12:12:57'),
(752, 'Mr. Jamal', 'Razzaque/Kamal', '40000', '361', 11, '2014-03-20', '2014-04-11 11:48:36'),
(753, 'Mr. Jamal', '', '12000', '362', 11, '2014-03-23', '2014-04-10 12:13:53'),
(754, 'Mr. Barek', '', '13000', '363', 11, '2014-03-23', '2014-04-10 12:14:11'),
(755, 'Schedule', 'Motorcycle', '1500', '01', 12, '2013-05-14', '2014-04-13 06:11:55'),
(756, 'Pay Order', 'Motorcycle', '250087', '02', 12, '2013-05-15', '2014-04-13 06:12:43'),
(757, 'Negotiation', 'Motorcycle', '6000', '03', 12, '2013-05-16', '2014-04-13 06:13:41'),
(758, 'Office Expenses', 'Molla office', '20000', '04', 12, '2013-06-28', '2014-04-13 06:14:59'),
(759, 'Pay Order', 'Sunamgonj', '1060300', '05', 12, '2013-07-09', '2014-04-13 06:15:42'),
(760, 'Dulal', 'Convence', '2000', '06', 12, '2013-07-08', '2014-04-13 06:16:34'),
(761, 'Office Expenses', 'Photocopy', '717', '07', 12, '2013-07-08', '2014-04-13 06:17:26'),
(762, 'Schedule', 'Sunamgonj', '22000', '08', 12, '2013-07-14', '2014-04-13 06:18:07'),
(763, 'Office Expenses', 'Executive Engineer', '100000', '09', 12, '2013-07-18', '2014-04-13 06:18:52'),
(764, 'Office Expenses', 'molla', '35000', '10', 12, '2013-07-18', '2014-04-13 06:19:40'),
(765, 'Office Expenses', 'Estimator', '51000', '11', 12, '2013-07-20', '2014-04-13 06:20:45'),
(766, 'Office Expenses', 'Executive Engineer', '500000', '12', 12, '2013-07-20', '2014-04-13 06:21:25'),
(767, 'Office Expenses', 'Su. Engineer', '2000', '13', 12, '2013-07-24', '2014-04-13 06:23:07'),
(768, 'Office Expenses', 'Molla', '2500', '14', 12, '2013-07-27', '2014-04-13 06:23:41'),
(769, 'Office Expenses', ' S Eng Sylhet', '90000', '15', 12, '2013-08-01', '2014-04-13 06:24:46'),
(770, 'Office Expenses', 'For C S', '500000', '16', 12, '2013-08-04', '2014-04-13 06:26:18'),
(771, 'Office Expenses', 'Executive Engineer', '52000', '17', 12, '2013-08-07', '2014-04-13 06:26:51'),
(772, 'Pay Order', 'Performance Security', '1200115', '18', 12, '2013-08-26', '2014-04-13 06:27:41'),
(773, 'Office Expenses', 'molla', '20000', '19', 12, '2013-08-26', '2014-04-13 06:28:37'),
(774, 'Office Expenses', 'Executive Engineer', '10000', '20', 12, '2013-09-14', '2014-04-13 06:30:03'),
(775, 'Office Expenses', 'Executive Engineer', '3000', '21', 12, '2013-09-22', '2014-04-13 06:33:18'),
(776, 'Office Expenses', 'Executive Engineer', '200000', '22', 12, '2013-10-09', '2014-04-13 06:34:28'),
(777, 'Office Expenses', 'Estimator for fund', '7000', '23', 12, '2013-10-21', '2014-04-13 06:35:20'),
(778, 'Sub Contractor', 'Fool Sharif Molla', '50000', '24', 12, '2013-10-23', '2014-04-13 06:38:08'),
(779, 'Office Expenses', 'executive Engineer', '20000', '25', 12, '2013-10-30', '2014-04-13 06:39:03'),
(780, 'Office Expenses', 'Executive Engineer', '26000', '26', 12, '2013-10-30', '2014-04-13 06:39:55'),
(781, 'Sub Contractor', 'Anwar', '3500', '27', 12, '2013-10-30', '2014-04-13 06:40:32'),
(782, 'Sub Contractor', 'For purchasing goods', '220000', '28', 12, '2013-11-01', '2014-04-13 06:41:44'),
(783, 'Sub Contractor', 'Alauddin', '5000', '29', 12, '2013-11-01', '2014-04-13 06:44:39'),
(784, 'Sub Contractor', 'Fool Sharif Molla', '15000', '30', 12, '2013-11-01', '2014-04-13 06:46:18'),
(785, 'Office Expenses', 'Convence Molla', '10000', '31', 12, '2013-11-01', '2014-04-13 06:47:36'),
(786, 'Sub Contractor', 'Alauddin', '2000', '32', 12, '2013-11-06', '2014-04-13 06:48:16'),
(787, 'Office Expenses', 'executive engineer', '10000', '33', 12, '2013-11-07', '2014-04-13 06:48:59'),
(788, 'Office Expenses', 'PD for Fund', '100000', '34', 12, '2013-11-07', '2014-04-13 06:49:48'),
(789, 'Sub Contractor', 'For purchasing goods', '230000', '35', 12, '2013-11-07', '2014-04-13 06:50:37'),
(790, 'Sub Contractor', 'Fool Sharif Molla', '10000', '36', 12, '2013-11-11', '2014-04-13 06:51:07'),
(791, 'Sub Contractor', 'Alauddin', '10000', '37', 12, '2013-11-16', '2014-04-13 06:52:06'),
(792, 'Sub Contractor', 'For purchasing Goods', '220000', '38', 12, '2013-11-17', '2014-04-13 06:55:15'),
(793, 'Office Expenses', 'PD for funds*****', '100000', '39', 12, '2013-11-17', '2014-04-13 06:57:55'),
(794, 'Sub Contractor', 'Fool Sharif Molla', '10000', '40', 12, '2013-11-20', '2014-04-13 06:59:08'),
(795, 'Sub Contractor', 'For purchasing goods', '220000', '41', 12, '2013-11-25', '2014-04-13 06:59:55'),
(796, 'Sub Contractor', 'Alauddin', '5000', '42', 12, '2013-11-29', '2014-04-13 07:00:30'),
(797, 'Sub Contractor', 'Fool sharif Molla', '20000', '43', 12, '2013-11-30', '2014-04-13 07:01:57'),
(798, 'Sub Contractor', 'For Purchasing goods', '230000', '44', 12, '2013-12-02', '2014-04-13 07:02:51'),
(799, 'Sub Contractor', 'Alauddin', '15000', '45', 12, '2013-12-02', '2014-04-13 07:03:41'),
(800, 'Office Expenses', 'Executive engineer', '11500', '46', 12, '2013-12-05', '2014-04-13 07:04:12'),
(801, 'Sub Contractor', 'Fool sharif molla', '20000', '47', 12, '2013-12-05', '2014-04-13 07:05:18'),
(802, 'Sub Contractor', 'Fool sharif Molla', '20000', '48', 12, '2013-12-08', '2014-04-13 07:06:03'),
(803, 'Sub Contractor', 'Fool sharif Molla', '15000', '49', 12, '2013-12-11', '2014-04-13 07:08:58'),
(804, 'Sub Contractor', 'Alauddin', '15000', '50', 12, '2013-12-09', '2014-04-13 07:09:50'),
(805, 'Sub Contractor', 'for purchasing goods', '140000', '51', 12, '2013-12-11', '2014-04-13 07:10:28'),
(806, 'Sub Contractor', 'for purchasing goods', '100000', '52', 12, '2013-12-10', '2014-04-13 07:11:20'),
(807, 'Sub Contractor', 'For purchasing goods', '240000', '52/1', 12, '2013-12-15', '2014-04-13 07:13:40'),
(808, 'Office Expenses', 'Estimator', '20000', '53', 12, '2013-12-18', '2014-04-13 07:15:46'),
(809, 'Sub Contractor', 'Fool Sharif molla', '30000', '54', 12, '2013-12-19', '2014-04-13 07:16:31'),
(810, 'Sub Contractor', 'For purchasing goods', '240000', '55', 12, '2013-12-22', '2014-04-13 07:17:15'),
(811, 'Office Expenses', 'Convence air ticket', '6000', '56', 12, '2013-12-22', '2014-04-13 07:18:16'),
(812, 'Office Expenses', 'Molla for bill', '50000', '57', 12, '2013-12-23', '2014-04-13 07:18:52'),
(813, 'Office Expenses', 'molla for bill', '150000', '58', 12, '2013-12-24', '2014-04-13 07:19:23'),
(814, 'Sub Contractor', 'Fool sharif molla', '30000', '59', 12, '2013-12-30', '2014-04-13 07:19:57'),
(815, 'Sub Contractor', 'For purchasing goods', '250000', '61', 12, '2014-01-02', '2014-04-13 07:29:18'),
(816, 'Office Expenses', 'Sub asst Eng, Ex. Eng, office and others', '230933', '62', 12, '2014-01-06', '2014-04-13 07:29:46'),
(817, 'Sub Contractor', 'For purchasing goods', '130000', '63', 12, '2014-01-09', '2014-04-13 07:23:46'),
(818, 'Sub Contractor', 'fool sharif molla', '25000', '64', 12, '2014-01-13', '2014-04-13 07:25:57'),
(819, 'Sub Contractor', 'For purchasing goods', '115000', '65', 12, '2014-01-19', '2014-04-13 07:26:39'),
(820, 'Sub Contractor', 'Fool sharif Molla', '35000', '60', 12, '2014-01-02', '2014-04-13 07:30:59'),
(821, 'Sub Contractor', 'Fool sharif Molla', '25000', '66', 12, '2014-01-22', '2014-04-13 07:31:46'),
(822, 'Office Expenses', 'For Audit', '10000', '67', 12, '2014-01-25', '2014-04-13 07:32:35'),
(823, 'Sub Contractor', 'Fool Sharif molla', '30000', '68', 12, '2014-01-27', '2014-04-13 07:33:20'),
(824, 'Sub Contractor', 'Fool sharif molla', '30000', '69', 12, '2014-02-03', '2014-04-13 07:34:00'),
(825, 'Sub Contractor', 'Fool sharif molla', '20000', '70', 12, '2014-02-08', '2014-04-13 07:34:40'),
(826, 'Sub Contractor', 'Fool sharif molla', '20000', '71', 12, '2014-02-09', '2014-04-13 07:35:17'),
(827, 'Sub Contractor', 'fool sharif molla', '5000', '72', 12, '2014-02-10', '2014-04-13 07:35:49'),
(828, 'Sub Contractor', 'Fool sharif Molla', '10000', '73', 12, '2014-02-11', '2014-04-13 07:36:42'),
(829, 'Office Expenses', 'Executive Engineer', '100000', '01', 13, '2013-02-11', '2014-04-13 08:36:30'),
(830, 'Sub Contractor', 'Amir Member', '100000', '02', 13, '2013-02-17', '2014-04-13 08:39:32'),
(831, 'Sub Contractor', 'Amir member', '300000', '03', 13, '2013-02-19', '2014-04-16 07:26:24'),
(832, 'Sub Contractor', 'Amir Member', '100000', '04', 13, '2013-02-20', '2014-04-16 07:27:20'),
(833, 'Sub Contractor', 'Tinku Chittagong', '286000', '05', 13, '2013-02-20', '2014-04-16 07:28:24'),
(834, 'Sub Contractor', 'tinku chittagong', '7000', '06', 13, '2013-02-24', '2014-04-16 07:29:32'),
(835, 'Boring Set', '', '70000', '07', 13, '2013-02-24', '2014-04-16 07:32:26'),
(836, 'Mamun', '', '10000', '08', 13, '2013-02-24', '2014-04-16 07:32:39'),
(837, 'Office Expenses', 'Molla', '26000', '09', 13, '2013-03-02', '2014-04-16 07:33:38'),
(838, 'Mamun', '', '3800', '10', 13, '2013-03-03', '2014-04-16 07:34:15'),
(839, 'Test Fee', 'BUET', '38000', '11', 13, '2013-03-11', '2014-04-16 07:34:59'),
(840, 'Boring Set', '', '50000', '12', 13, '2013-03-11', '2014-04-16 07:35:16'),
(841, 'Mamun', '', '1000', '13', 13, '2013-03-11', '2014-04-16 07:35:41'),
(842, 'Office Expenses', 'For bill Molla', '15000', '14', 13, '2013-03-12', '2014-04-16 07:36:13'),
(843, 'Mamun', '', '5000', '15', 13, '2013-03-12', '2014-04-16 07:36:45'),
(844, 'Purchase of goods', 'Bentonite 7 bag', '10810', '16', 13, '2013-03-14', '2014-04-16 07:45:39'),
(878, 'Sub Contractor', 'Amir Member', '300000', '01', 14, '2013-04-13', '2014-04-17 07:53:46'),
(846, 'Mamun', '', '6000', '17', 13, '2013-03-17', '2014-04-16 07:46:46'),
(847, 'Sub Contractor', 'Amir Member', '50000', '18', 13, '2013-03-19', '2014-04-16 07:47:12'),
(848, 'Boring Set', '', '30000', '19', 13, '2013-03-25', '2014-04-16 07:47:38'),
(849, 'Mamun', '', '21300', '20', 13, '2013-03-26', '2014-04-16 07:48:06'),
(850, 'Office Expenses', 'For rick', '50000', '21', 13, '2013-03-27', '2014-04-16 07:48:52'),
(851, 'Mamun', '', '6000', '21/2', 13, '2013-03-28', '2014-04-16 07:49:35'),
(852, 'Purchase of goods', 'Observation oil', '7800', '22', 13, '2013-03-30', '2014-04-16 07:50:42'),
(853, 'Purchase of goods', 'Observation oil', '50000', '23', 13, '2013-03-31', '2014-04-16 07:51:17'),
(854, 'Sub Contractor', 'Amir Member', '50000', '24', 13, '2013-04-01', '2014-04-16 07:51:58'),
(855, 'Purchase of goods', 'Kalgoan', '8300', '25', 13, '2013-04-17', '2014-04-16 07:52:45'),
(856, 'Mamun', '', '6120', '26', 13, '2013-04-21', '2014-04-16 07:53:12'),
(857, 'Purchase of goods', 'Observation Oil', '50000', '27', 13, '2013-05-07', '2014-04-16 07:54:05'),
(858, 'Mamun', 'salary', '5000', '28', 13, '2013-05-08', '2014-04-16 07:55:05'),
(859, 'Monir', 'For failure Pumping', '200000', '29', 13, '2013-05-10', '2014-04-16 07:58:04'),
(860, 'Mamun', '', '7000', '30', 13, '2013-05-13', '2014-04-16 07:58:28'),
(861, 'Office Expenses', 'Molla', '25000', '31', 13, '2013-05-21', '2014-04-16 07:58:53'),
(862, 'Office Expenses', 'For bill ', '15000', '33', 13, '2013-07-10', '2014-04-16 08:00:00'),
(863, 'Sub Contractor', 'Amir Member', '6600', '34', 13, '2013-06-10', '2014-04-16 08:00:40'),
(864, 'Office Expenses', 'Cashier', '2000', '35', 13, '2013-07-14', '2014-04-16 08:03:11'),
(865, 'Jewel', '', '1500', '36', 13, '2013-07-14', '2014-04-16 08:03:33'),
(866, 'Dulal', '', '2000', '37', 13, '2013-07-30', '2014-04-16 08:04:08'),
(867, 'Jewel', '', '1000', '38', 13, '2013-08-24', '2014-04-16 08:04:36'),
(868, 'Sub Contractor', 'M/s Lutfor Rahman', '150000', '39', 13, '2013-10-01', '2014-04-16 08:05:45'),
(869, 'Sub Contractor', 'M/s Lutfor Rahman', '50000', '40', 13, '2013-10-06', '2014-04-16 08:06:49'),
(870, 'Sub Contractor', 'Amir Member', '150000', '41', 13, '2013-10-08', '2014-04-16 08:07:12'),
(871, 'Purchase of goods', 'Kalgoan', '8000', '42', 13, '2013-10-22', '2014-04-16 08:07:50'),
(872, 'Sub Contractor', 'M/s Lutfor Rahman', '50000', '43', 13, '2013-10-27', '2014-04-16 08:08:22'),
(873, 'Sub Contractor', 'M/s Lutfor Rahman', '50000', '44', 13, '2013-10-27', '2014-04-16 08:10:10'),
(874, 'Dulal', '', '2500', '45', 13, '2013-10-30', '2014-04-16 08:10:36'),
(875, 'Sub Contractor', 'M/s Lutfor Rahman', '30000', '46', 13, '2013-11-05', '2014-04-16 08:11:22'),
(876, 'Dulal', '', '7000', '47', 13, '2013-11-16', '2014-04-16 08:11:48'),
(877, 'Office Expenses', 'Molla', '7000', '48', 13, '2013-12-04', '2014-04-16 08:12:20'),
(879, 'Sub Contractor', 'Shahid Engineering', '200000', '02', 14, '2013-04-15', '2014-04-17 07:54:17'),
(880, 'Sub Contractor', 'Shohid Engineering', '83000', '03', 14, '2013-04-17', '2014-04-17 07:55:00'),
(881, 'Sub Contractor', 'Amir Member', '100000', '04', 14, '2013-04-18', '2014-04-17 07:55:21'),
(882, 'Sub Contractor', 'Amir Member', '50000', '06', 14, '2013-04-30', '2014-04-17 07:55:51'),
(883, 'Office Expenses', 'Executive Engineer', '100000', '07', 14, '2013-05-05', '2014-04-17 07:56:35'),
(884, 'Purchase of goods', 'Truck Rent', '6500', '08', 14, '2013-05-06', '2014-04-17 07:57:29'),
(885, 'Purchase of goods', 'Truck Rent', '6300', '09', 14, '2013-05-06', '2014-04-17 07:57:58'),
(886, 'Purchase of goods', 'Truck Unloading', '1500', '10', 14, '2013-05-07', '2014-04-17 07:58:33'),
(887, 'Sub Contractor', 'Amir Member', '100000', '11', 14, '2013-05-07', '2014-04-17 07:59:02'),
(888, 'Purchase of goods', 'Godwon rent', '1000', '12', 14, '2013-05-11', '2014-04-19 07:49:28'),
(889, 'Purchase of goods', 'Pickup Rent', '4700', '13', 14, '2013-05-13', '2014-04-19 07:50:11'),
(890, 'Sub Contractor', 'Amir Member', '4170', '14', 14, '2013-05-14', '2014-04-19 07:51:03'),
(891, 'Test Fee', 'Sample Collection', '4050', '15', 14, '2013-05-16', '2014-04-19 07:53:05'),
(892, 'Dulal', '', '3100', '16', 14, '2013-05-18', '2014-04-19 07:52:45'),
(893, 'Test Fee', 'BUET', '23325', '17', 14, '2013-05-20', '2014-04-19 07:54:00'),
(894, 'Purchase of goods', 'Land Development', '1200', '18', 14, '2013-05-23', '2014-04-19 07:55:20'),
(895, 'Dulal', '', '5000', '19', 14, '2013-05-31', '2014-04-19 07:56:56'),
(896, 'Sub Contractor', 'Amir Member', '50000', '20', 14, '2013-06-20', '2014-04-19 07:57:41'),
(897, 'Sub Contractor', 'Amir Member', '50000', '21', 14, '2013-06-23', '2014-04-19 07:58:48'),
(898, 'Purchase of goods', 'Union Pipe', '204000', '22', 14, '2013-06-25', '2014-04-19 07:59:31'),
(899, 'Sub Contractor', 'Amir Member', '51000', '23', 14, '2013-07-06', '2014-04-19 08:00:44'),
(900, 'Dulal', 'salary', '8000', '24', 14, '2013-07-08', '2014-04-19 08:01:15'),
(901, 'Purchase of goods', 'Hand Pump', '10000', '25', 14, '2013-07-15', '2014-04-19 08:01:47'),
(902, 'Purchase of goods', '', '12800', '26', 14, '2013-07-21', '2014-04-19 08:03:15'),
(903, 'Purchase of goods', '', '12000', '27', 14, '2013-07-22', '2014-04-19 08:03:37'),
(904, 'Purchase of goods', '', '18000', '28', 14, '2013-07-22', '2014-04-19 08:04:44'),
(905, 'Dulal', '', '3570', '29', 14, '2013-07-26', '2014-04-19 08:05:15'),
(906, 'Sub Contractor', 'Amir Member', '50000', '30', 14, '2013-10-22', '2014-04-19 08:06:02'),
(907, 'Dulal', '', '1000', '31', 14, '2013-10-24', '2014-04-19 08:06:47'),
(908, 'Sub Contractor', 'Habib', '13000', '32', 14, '2013-10-26', '2014-04-19 08:07:31'),
(909, 'Sub Contractor', 'Habib', '13000', '33', 14, '2013-10-28', '2014-04-19 08:07:59'),
(910, 'Purchase of goods', 'Pump', '8500', '34', 14, '2013-10-31', '2014-04-19 08:08:39'),
(911, 'Sub Contractor', 'Amir Member', '150000', '35', 14, '2013-11-06', '2014-04-19 08:56:19'),
(912, 'Sub Contractor', 'Amir member', '100000', '36', 14, '2013-11-21', '2014-04-19 08:58:03'),
(913, 'Sub Contractor', 'Sohel', '13000', '37', 14, '2013-12-03', '2014-04-19 08:58:38'),
(914, 'Office Expenses', 'molla', '13000', '38', 14, '2013-12-04', '2014-04-19 08:59:37'),
(915, 'Sub Contractor', 'Amir Member', '100000', '39', 14, '2013-12-05', '2014-04-19 09:00:16'),
(916, 'Sub Contractor', 'Sohel', '1500', '40', 14, '2013-12-05', '2014-04-19 09:01:09'),
(917, 'Sub Contractor', 'Amir Member', '40500', '41', 14, '2013-12-08', '2014-04-19 09:03:25'),
(918, 'Sub Contractor', 'Lutfor rahman', '150000', '42', 14, '2014-01-04', '2014-04-19 09:04:30'),
(919, 'Sub Contractor', 'Lutfor rahman', '50000', '43', 14, '2014-01-15', '2014-04-19 09:05:01'),
(920, 'Purchase of goods', 'Kalgoan', '8000', '44', 14, '2014-01-14', '2014-04-19 09:05:45'),
(921, 'Mayor', 'Molla', '25000', '45', 14, '2014-02-06', '2014-04-19 09:06:35'),
(922, 'Office Expenses', 'Work Order', '100000', '01', 15, '2013-03-25', '2014-04-22 11:16:55'),
(923, 'Office Expenses', 'P D office', '50000', '02', 15, '2013-04-17', '2014-04-22 11:17:55'),
(924, 'Mamun', '', '3000', '03', 15, '2013-04-17', '2014-04-22 11:18:30'),
(925, 'Mamun', '', '5000', '04', 15, '2013-04-24', '2014-04-22 11:19:11'),
(926, 'Mamun', 'Mamun Amir member for truck rent', '17000', '05', 15, '2013-04-24', '2014-04-22 11:19:55'),
(927, 'Mamun', 'salary', '12000', '06', 15, '2013-05-07', '2014-04-22 11:20:59'),
(928, 'Office Expenses', 'Office File', '1258', '01', 19, '2013-04-22', '2014-04-22 11:24:19'),
(929, 'Schedule Purchase', '', '3800', '02', 19, '2013-05-07', '2014-04-22 11:25:00'),
(930, 'Pay Order', 'and photocopy', '310670', '03', 19, '2013-05-08', '2014-04-22 11:26:46'),
(931, 'Negotiation', 'Siddique', '51000', '04', 19, '2013-04-22', '2014-04-22 11:27:37'),
(932, 'Pay Order', '', '280174', '05', 19, '2013-08-21', '2014-04-22 11:28:10'),
(933, 'Dulal', 'For transport', '2000', '06', 19, '2013-08-21', '2014-04-22 11:28:53'),
(934, 'Office Expenses', 'Estimator', '2100', '07', 19, '2013-10-19', '2014-04-22 11:29:23'),
(935, 'Office Expenses', 'For CS PD and Dhaka Circle office', '170000', '08', 19, '2013-10-31', '2014-04-22 11:30:08'),
(936, 'Office Expenses', 'Estimator for CS', '7000', '09', 19, '2013-11-02', '2014-04-22 11:31:00'),
(937, 'Negotiation', '', '16000', '10', 19, '2013-12-01', '2014-04-22 11:31:36'),
(938, 'Negotiation', '', '5000', '11', 19, '2013-12-18', '2014-04-22 11:32:12'),
(939, 'Office Expenses', 'Executive Engineer', '40000', '12', 19, '2014-01-02', '2014-04-22 11:33:44'),
(940, 'Office Expenses', 'Executive Engineer', '40000', '13', 19, '2014-01-06', '2014-04-22 11:34:17'),
(941, 'Molla', 'Prince', '40000', '14', 19, '2014-02-11', '2014-04-22 11:35:43'),
(942, 'Molla', 'Prince', '10000', '15', 19, '2014-02-11', '2014-04-22 11:36:18'),
(943, 'Molla', 'Sumon/Ruman/Prince', '350000', '16', 19, '2014-03-06', '2014-04-22 11:40:33'),
(944, 'Pay Order', 'Performance security', '360000', '17', 19, '2014-03-06', '2014-04-22 11:41:25'),
(945, 'Schedule Purchase', ' Cashier', '14800', '01', 18, '2013-04-25', '2014-04-22 12:02:36'),
(946, 'Photocopy', 'Envelop and Gum', '22230', '02', 18, '2013-04-26', '2014-04-22 12:03:14'),
(947, 'Photocopy', '', '864', '03', 18, '2013-04-27', '2014-04-22 12:03:36'),
(948, 'Photocopy', '', '728', '04', 18, '2013-04-28', '2014-04-22 12:03:57'),
(949, 'Office Expenses', 'Estimator', '1500', '05', 18, '2013-04-28', '2014-04-22 12:04:39'),
(950, 'Pay Order', '', '219000', '06', 18, '2013-04-28', '2014-04-22 12:05:49'),
(951, 'Office Expenses', 'Executive Engineer', '7000', '07', 18, '2013-04-29', '2014-04-22 12:06:32'),
(952, 'Subcontractor', 'Mamun', '1000', '08', 18, '2013-05-13', '2014-04-22 12:30:54'),
(953, 'Negotiation', 'Siddique', '50000', '09', 18, '2013-05-14', '2014-04-22 12:31:32'),
(954, 'Convence and Others', '', '2195', '10', 18, '2013-05-19', '2014-04-22 12:32:06'),
(955, 'Subcontractor', 'Sumon', '40000', '11', 18, '2013-05-19', '2014-04-22 12:33:30'),
(956, 'Subcontractor', 'Mamun', '10000', '12', 18, '2013-05-16', '2014-04-22 12:34:05'),
(957, 'Subcontractor', 'Mamun', '7500', '13', 18, '2013-05-28', '2014-04-22 12:34:36'),
(958, 'Subcontractor', 'mamun', '15300', '14', 18, '2013-05-30', '2014-04-22 12:35:14'),
(959, 'Pay Order', 'Performance security', '300000', '15', 18, '2013-06-02', '2014-04-22 12:36:00'),
(960, 'Subcontractor', 'Mamun', '82000', '16', 18, '2013-06-03', '2014-04-22 12:38:55'),
(961, 'Office Expenses', 'Ex En for CS', '25000', '17', 18, '2013-06-06', '2014-04-22 12:39:37'),
(962, 'Subcontractor', 'Mamun', '45000', '18', 18, '2013-06-09', '2014-04-22 12:39:57'),
(963, 'Subcontractor', 'Mamun', '10000', '19', 18, '2013-06-13', '2014-04-22 12:40:23'),
(964, 'Subcontractor', 'Mamun', '10000', '20', 18, '2013-06-13', '2014-04-22 12:40:44'),
(965, 'Subcontractor', 'Mamun', '50000', '21', 18, '2013-06-16', '2014-04-22 12:41:01'),
(966, 'Office Expenses', 'PD Office', '30000', '22', 18, '2013-06-19', '2014-04-22 12:41:37'),
(967, 'Subcontractor', 'Mamun', '70000', '23', 18, '2013-06-25', '2014-04-22 12:42:08'),
(968, 'Subcontractor', 'Mamun', '5000', '24', 18, '2013-07-02', '2014-04-22 12:42:38'),
(969, 'Office Expenses', 'For work order', '1220', '25', 18, '2013-07-03', '2014-04-22 12:43:10'),
(970, 'Subcontractor', 'Mamun', '25000', '26', 18, '2013-07-04', '2014-04-22 12:43:29'),
(971, 'Subcontractor', 'Mamun', '90000', '27', 18, '2013-07-08', '2014-04-22 12:44:09'),
(972, 'Subcontractor', 'Mamun', '70000', '28', 18, '2013-07-15', '2014-04-22 12:44:52'),
(973, 'Subcontractor', 'Mamun', '60000', '29', 18, '2013-07-20', '2014-04-22 12:45:22'),
(974, 'Subcontractor', 'Mamun', '50000', '30', 18, '2013-07-23', '2014-04-22 12:45:53'),
(975, 'Subcontractor', 'Mamun', '70000', '31', 18, '2013-07-25', '2014-04-22 12:46:19'),
(976, 'Subcontractor', 'Mamun', '20000', '32', 18, '2013-07-30', '2014-04-22 12:46:44'),
(977, 'Subcontractor', 'Mamun', '20000', '33', 18, '2013-07-31', '2014-04-22 12:47:18'),
(978, 'Subcontractor', 'Mamun', '30000', '34', 18, '2013-08-01', '2014-04-22 12:47:52'),
(979, 'Subcontractor', 'Mamun', '30000', '35', 18, '2013-08-03', '2014-04-22 12:48:18'),
(980, 'Subcontractor', 'Mamun', '40000', '36', 18, '2013-08-04', '2014-04-22 12:48:50'),
(981, 'Subcontractor', 'Mamun', '20000', '37', 18, '2013-08-05', '2014-04-22 12:49:20'),
(982, 'Subcontractor', 'Mamun', '60000', '38', 18, '2013-08-06', '2014-04-22 12:50:03'),
(983, 'Subcontractor', 'Mamun', '50000', '39', 18, '2013-08-21', '2014-04-22 12:50:29'),
(984, 'Subcontractor', 'Mamun', '130000', '40', 18, '2013-08-24', '2014-04-22 12:50:52'),
(985, 'Office Expenses', 'BUET Test Fee', '15500', '41', 18, '2013-08-24', '2014-04-22 12:51:25'),
(986, 'Subcontractor', 'Mamun', '50000', '42', 18, '2013-09-03', '2014-04-22 12:51:50'),
(987, 'Subcontractor', 'Mamun', '10000', '43', 18, '2013-09-07', '2014-04-22 12:52:10'),
(988, 'Subcontractor', 'Mamun', '60000', '44', 18, '2013-09-11', '2014-04-22 12:52:30'),
(989, 'Subcontractor', 'Mamun', '15000', '45', 18, '2013-09-15', '2014-04-22 12:52:54'),
(990, 'Subcontractor', 'Mamun', '60500', '46', 18, '2013-09-21', '2014-04-22 12:53:26'),
(991, 'Subcontractor', 'Mamun', '10000', '47', 18, '2013-09-28', '2014-04-22 12:54:06'),
(992, 'Subcontractor', 'Mamun', '15000', '48', 18, '2013-09-26', '2014-04-22 12:54:30'),
(993, 'Subcontractor', 'Mamun', '38000', '49', 18, '2013-10-03', '2014-04-22 12:54:59'),
(994, 'Subcontractor', 'Mamun', '5000', '50', 18, '2013-10-03', '2014-04-22 12:55:24'),
(995, 'Subcontractor', 'Mamun', '5000', '51', 18, '2013-10-07', '2014-04-22 12:55:55'),
(996, 'Office Expenses', 'Molla for bill', '49400', '52', 18, '2013-10-12', '2014-04-22 12:56:34'),
(997, 'Subcontractor', 'Mamun', '30000', '53', 18, '2013-10-13', '2014-04-22 12:57:17'),
(998, 'Subcontractor', 'Prince', '40000', '55', 18, '2014-02-05', '2014-04-22 12:58:20'),
(999, 'Subcontractor', 'Prince/Ruman', '200000', '56', 18, '2013-10-06', '2014-04-22 12:59:01'),
(1000, 'Subcontractor', 'Ruman', '10000', '57', 18, '2014-03-07', '2014-04-22 13:00:03'),
(1001, 'Subcontractor', 'Prince', '40000', '58', 18, '2014-03-09', '2014-04-22 13:00:27'),
(1002, 'Subcontractor', 'Prince', '11000', '59', 18, '2014-03-23', '2014-04-22 13:00:50'),
(1003, 'Pay Order', '', '560110', '01', 17, '2013-10-22', '2014-04-23 09:09:53'),
(1004, 'Schedule', '', '6000', '02', 17, '2013-10-23', '2014-04-23 09:10:43'),
(1005, 'Office Expenses', 'Executive Engineer', '400000', '03', 17, '2013-11-04', '2014-04-23 09:11:50'),
(1006, 'Office Expenses', 'Executive Engineer', '9000', '04', 17, '2013-11-06', '2014-04-23 09:12:27'),
(1007, 'Convyence', 'Molla', '10000', '05', 17, '2013-11-07', '2014-04-23 09:14:02'),
(1008, 'Office Expenses', 'executive Engineer', '311500', '06', 17, '2013-11-07', '2014-04-23 09:14:43'),
(1009, 'Office Expenses', 'Estimator', '7000', '07', 17, '2013-12-01', '2014-04-23 09:15:20'),
(1010, 'Office Expenses', 'executive Engineer', '10000', '08', 17, '2013-12-08', '2014-04-23 09:15:50'),
(1011, 'Pay Order', 'Performance Security', '500115', '09', 17, '2013-12-09', '2014-04-23 09:16:40'),
(1012, 'Negotiation', 'Jubaere', '50000', '10', 17, '2013-12-18', '2014-04-23 09:17:13'),
(1013, 'Purchase of Goods', 'Shahidul Islam', '2660000', '11', 17, '2014-01-02', '2014-04-23 09:18:06'),
(1014, 'Purchase of Goods', 'Shahidul Islam', '1500000', '12', 17, '2014-01-15', '2014-04-23 09:18:43'),
(1015, 'Purchase of Goods', 'Shahidul Islam', '500000', '13', 17, '2014-02-10', '2014-04-23 09:19:13'),
(1017, 'Purchase of Goods', 'Shahidul Islam', '500000', '14', 17, '2014-03-06', '2014-04-23 09:21:26'),
(1018, 'Negotiation', 'jubaere', '70000', '15', 17, '2014-03-20', '2014-04-23 09:21:58'),
(1019, 'Pay Order', '', '36300', '01', 20, '2013-09-18', '2014-04-23 11:16:47'),
(1020, 'Pay Order', '', '186500', '02', 20, '2013-09-12', '2014-04-23 11:17:14'),
(1021, 'Office Expenses', 'Estimator', '1700', '03', 20, '2013-09-21', '2014-04-23 11:18:25'),
(1022, 'Others', '', '2000', '04', 20, '2013-09-30', '2014-04-23 11:18:51'),
(1023, 'Office Expenses', 'Molla', '10000', '05', 20, '2013-10-10', '2014-04-23 11:19:56'),
(1024, 'Purchase of goods', '3 PVMP3', '25000', '06', 20, '2013-10-13', '2014-04-23 11:20:48'),
(1025, 'Negotiation', 'Mehedi', '15000', '07', 20, '2013-10-15', '2014-04-23 11:23:42'),
(1026, 'Negotiation', 'Mehedi', '20000', '08', 20, '2013-10-26', '2014-04-23 11:24:40'),
(1027, 'Schedule', '', '3000', '09', 20, '2013-10-28', '2014-04-23 11:25:19'),
(1028, 'Pay Order', '', '126342', '10', 20, '2013-10-29', '2014-04-23 11:25:50'),
(1029, 'Schedule', '', '4500', '11', 20, '2013-11-01', '2014-04-23 11:26:21'),
(1030, 'Pay Order', '', '53060', '12', 20, '2013-11-04', '2014-04-23 11:26:56'),
(1031, 'Office Expenses', 'For CS', '11000', '13', 20, '2013-11-14', '2014-04-23 11:27:41'),
(1032, 'Office Expenses', 'Molla', '3000', '14', 20, '2013-11-16', '2014-04-23 11:28:52'),
(1033, 'Office Expenses', 'Molla for CS ', '50000', '15', 20, '2013-12-02', '2014-04-23 11:29:21'),
(1034, 'Pay Order', 'Performance security', '195750', '16', 20, '2013-12-23', '2014-04-23 11:29:53'),
(1035, 'Negotiation ', 'Mehedi 120000 and test fee 30000', '150000', '17', 20, '2014-03-06', '2014-04-23 11:31:15'),
(1036, 'Purchase of goods', 'pump', '2831500', '18', 20, '2014-03-06', '2014-04-23 11:31:55'),
(1037, 'Schedule', '', '6100', '01', 16, '2013-05-19', '2014-04-24 08:52:37'),
(1038, 'Office Expenses', 'Molla', '5000', '02', 16, '2013-06-09', '2014-04-24 08:53:26'),
(1039, 'Photocopy', '', '685', '03', 16, '2013-09-05', '2014-04-24 08:55:43'),
(1040, 'Office Expenses', 'For CS', '500000', '04', 16, '2013-09-08', '2014-04-24 08:59:02'),
(1041, 'Office Expenses', 'Molla', '12000', '05', 16, '2013-09-09', '2014-04-24 09:02:55'),
(1042, 'Pay Order', '', '1100000', '06', 16, '2013-09-09', '2014-04-24 09:03:45'),
(1043, 'Tender Cost', '', '6020', '07', 16, '2013-09-12', '2014-04-24 09:04:24'),
(1044, 'Office Expenses', 'Molla', '5000', '08', 16, '2013-09-12', '2014-04-24 09:05:25'),
(1045, 'Office Expenses', 'For CS', '100000', '09', 16, '2013-09-14', '2014-04-24 09:06:49'),
(1046, 'Office Expenses', 'Mollan Cash', '10000', '10', 16, '2013-09-15', '2014-04-24 09:07:23'),
(1047, 'Shohidul', '', '4300', '11', 16, '2013-09-17', '2014-04-24 09:08:09'),
(1048, 'Flexiload', '', '1000', '12', 16, '2013-09-17', '2014-04-24 09:08:36'),
(1049, 'Office Expenses', 'Estimate Fill up', '3100', '13', 16, '2013-09-21', '2014-04-24 09:09:17'),
(1050, 'Office Expenses', 'Estimate for cs', '20500', '14', 16, '2013-09-22', '2014-04-24 09:09:59'),
(1051, 'Shohidul', '', '2700', '15', 16, '2013-10-04', '2014-04-24 09:10:55'),
(1052, 'Office Expenses', 'Molla', '1000', '16', 16, '2013-10-05', '2014-04-24 09:11:19'),
(1053, 'Office Expenses', 'Estimate', '20000', '17', 16, '2013-10-09', '2014-04-24 09:12:13'),
(1054, 'Photocopy', '', '1200', '18', 16, '2013-10-29', '2014-04-24 09:12:47'),
(1055, 'Pay Order', '', '1300230', '19', 16, '2013-10-30', '2014-04-24 09:13:53'),
(1056, 'Schedule', '', '10800', '20', 16, '2013-11-04', '2014-04-24 09:14:41'),
(1057, 'Photocopy', '', '3776', '21', 16, '2013-11-06', '2014-04-24 09:15:05'),
(1058, 'Tender dropping', '', '3000', '22', 16, '2013-10-10', '2014-04-24 09:15:47'),
(1059, 'Photocopy', '', '2000', '23', 16, '2013-11-10', '2014-04-24 09:16:17'),
(1060, 'Pay Order', '', '900000', '24', 16, '2013-11-10', '2014-04-24 09:17:26'),
(1061, 'Mayor', '', '110000', '25', 16, '2013-11-13', '2014-04-24 09:17:54'),
(1062, 'Conveyance', '', '1850', '26', 16, '2013-11-13', '2014-04-24 09:19:10'),
(1063, 'Ripon', '', '6000', '27', 16, '2013-11-14', '2014-04-24 09:19:40'),
(1064, 'Pay Order', 'Performance security', '1600615', '28', 16, '2013-11-26', '2014-04-24 09:20:27'),
(1065, 'Gazipur city corporation', '', '1990', '29', 16, '2013-11-26', '2014-04-24 09:21:01'),
(1066, 'Pipe line', '', '10000', '30', 16, '2013-11-28', '2014-04-24 09:21:27'),
(1067, 'Office Expenses', 'S Engineer', '6000', '31', 16, '2013-12-01', '2014-04-24 09:22:05'),
(1068, 'Conveyance', '', '500', '32', 16, '2013-12-03', '2014-04-24 09:24:03'),
(1069, 'Conveyance', '', '500', '33', 16, '2013-12-11', '2014-04-24 09:23:07'),
(1070, 'Habib', '', '20000', '34', 16, '2014-01-11', '2014-04-24 09:25:36'),
(1071, 'Diamond Cutter', '', '4300', '35', 16, '2014-01-13', '2014-04-24 09:26:26'),
(1072, ' U PVC Pipe', 'RFL', '16500', '36', 16, '2014-01-18', '2014-04-24 09:27:27'),
(1073, 'Pipe and Others', '', '1500', '37', 16, '2014-01-19', '2014-04-24 09:28:15'),
(1074, 'Habib', '', '15000', '38', 16, '2014-01-20', '2014-04-24 09:28:42'),
(1075, 'Bank Interest', '', '27000', '39', 16, '2014-01-26', '2014-04-24 09:29:15'),
(1076, 'Habib', '', '5000', '40', 16, '2014-02-03', '2014-04-24 09:29:35'),
(1077, 'Mechanic', '', '1000', '41', 16, '2014-02-12', '2014-04-24 09:30:01'),
(1078, 'Pay Order', '', '150115', '01', 21, '2013-12-15', '2014-04-24 10:13:00'),
(1079, 'Schedule', '', '5000', '02', 21, '2013-12-15', '2014-04-24 10:13:30'),
(1080, 'Negotiation', '', '25000', '03', 21, '2013-12-19', '2014-04-24 10:13:58'),
(1081, 'Office Expenses', 'Ex En', '60000', '04', 21, '2014-01-20', '2014-04-24 10:14:37'),
(1082, 'Pay Order', 'Performance bond', '500000', '05', 21, '2014-03-05', '2014-04-24 10:15:26'),
(1083, 'Stamp', '', '400', '06', 21, '2014-03-05', '2014-04-24 10:17:08'),
(1084, 'Office Expenses', 'Ex En ', '10000', '07', 21, '2014-03-05', '2014-04-24 10:17:52');

-- --------------------------------------------------------

--
-- Table structure for table `projects`
--

CREATE TABLE IF NOT EXISTS `projects` (
  `id` int(11) NOT NULL AUTO_INCREMENT,
  `project_name` varchar(255) NOT NULL,
  `work_name` varchar(255) NOT NULL,
  `work_order_amount` varchar(50) NOT NULL,
  `address` varchar(255) NOT NULL,
  `status` int(11) NOT NULL DEFAULT '1' COMMENT '(Active-1, Inactive-0)',
  `create_date` date NOT NULL,
  `modify_date` timestamp NOT NULL DEFAULT CURRENT_TIMESTAMP ON UPDATE CURRENT_TIMESTAMP,
  PRIMARY KEY (`id`)
) ENGINE=MyISAM  DEFAULT CHARSET=latin1 AUTO_INCREMENT=22 ;

--
-- Dumping data for table `projects`
--

INSERT INTO `projects` (`id`, `project_name`, `work_name`, `work_order_amount`, `address`, `status`, `create_date`, `modify_date`) VALUES
(1, 'Kendua', 'Tubwell', '100000', '', 0, '2013-10-11', '2013-12-08 14:33:27'),
(2, 'Kendua', 'Tubwell', '100000', '', 0, '2013-10-11', '2013-12-08 14:40:54'),
(3, 'Kendua2', 'Tubwell', '100000', '', 0, '2013-10-11', '2014-03-27 09:01:25'),
(4, 'Kendua4', 'Tubwell', '1000000', 'Dhaka', 0, '2013-10-11', '2014-03-27 13:50:54'),
(7, 'Kendua5', 'Tubwell', '100000', 'asd', 0, '2013-12-07', '2013-12-08 14:53:53'),
(8, 'Kishoregonj Installation of deep  tubewell', 'Kishoregonj Installation of deep  tubewell', '17291810', 'Kishoregonj', 1, '0000-00-00', '2014-04-02 15:10:10'),
(9, 'asasas', 'netrokona', '252555', 'fhdfghdfg', 0, '2014-03-10', '2014-03-31 14:08:56'),
(10, 'netrokona', 'tubewell', '2000000000', 'madan', 1, '2014-03-04', '2014-03-31 17:28:19'),
(11, 'Netrokona deep Tubewell', 'Installation of 129 nos + 140nos Tubewell at primary school at Netrokona', '22043189', 'Netrokona', 1, '2013-04-04', '2014-04-09 11:55:02'),
(12, 'Sunamgonj Wash Block', 'Constuction of 50 nos Wash block at primary school at Sunamgonj District', '22723622', 'Sunamgonj', 1, '2013-09-18', '2014-04-13 06:10:09'),
(13, 'Kendua Production tubewell', 'Construction of (14x6 inch) Production tubewell at kendua', '2770000', 'Kendua', 1, '2012-12-12', '2014-04-13 07:57:17'),
(14, 'Hossainpur Pourashava', 'Construction of (14x6 inch) Production tubewell at Hossainpur', '2931561.42', 'Hossainpur', 1, '2013-05-13', '2014-04-13 08:04:35'),
(15, 'Fulbaria Pourashava', 'Construction of (14x6 inch) Production tubewell at Fulbaria Pourashava', '2393446.42', 'Fulbaria', 1, '2013-03-30', '2014-04-13 08:06:59'),
(16, 'Gazipur city corporation', 'Construction of Production tubewell pipeline, repair of pump house', '16000327.37', 'Gazipur', 1, '2013-12-01', '2014-04-13 08:09:00'),
(17, 'Barisal City Corporation', 'Construction of 200 mm  pipeline (5.162km)', '9994120', 'Barisal', 1, '2013-12-15', '2014-04-13 08:13:56'),
(18, 'Narayangonj wash block', 'Construction of 12 nos wash block at narayangonj district at different primary school', '5760347.64', 'Narayangonj District', 1, '2013-09-06', '2014-04-13 08:17:47'),
(19, 'Munshigonj wash block', 'Construction of 16 nos wash block at Munshigonj district at different primary school', '7034805.45', 'Munshigonj district', 1, '2014-01-09', '2014-04-13 08:20:55'),
(20, 'Pump Supply', 'Supply of sub mursible Pump', '4200000', 'Store division, Tongi', 1, '2013-09-01', '2014-04-23 11:07:30'),
(21, 'Supplying of 38mm dia uPvc', 'Supplying of 38mm dia uPvc pipe and uPvc filter for installation of water point in different upazila of kishoregonj district', '5382930', 'Store division, DPHE', 1, '2014-02-12', '2014-04-24 10:11:51');

-- --------------------------------------------------------

--
-- Table structure for table `users`
--

CREATE TABLE IF NOT EXISTS `users` (
  `user_id` int(11) NOT NULL AUTO_INCREMENT,
  `user_full_name` varchar(50) NOT NULL,
  `user_name` varchar(50) NOT NULL,
  `user_address` varchar(50) NOT NULL,
  `user_country` varchar(50) NOT NULL,
  `user_mobile` varchar(50) NOT NULL,
  `email` varchar(50) NOT NULL,
  `user_password` varchar(50) NOT NULL,
  `user_status` int(11) NOT NULL DEFAULT '1',
  `user_type` int(11) NOT NULL DEFAULT '2' COMMENT '(admin-1, normal-2)',
  `create_date` date NOT NULL,
  `modify_date` timestamp NOT NULL DEFAULT CURRENT_TIMESTAMP ON UPDATE CURRENT_TIMESTAMP,
  PRIMARY KEY (`user_id`)
) ENGINE=MyISAM  DEFAULT CHARSET=latin1 AUTO_INCREMENT=6 ;

--
-- Dumping data for table `users`
--

INSERT INTO `users` (`user_id`, `user_full_name`, `user_name`, `user_address`, `user_country`, `user_mobile`, `email`, `user_password`, `user_status`, `user_type`, `create_date`, `modify_date`) VALUES
(1, 'Admin', 'admin', 'Mirpur, Dhaka', 'Bangladesh', '01717..........', 'admin@admin.com', 'e10adc3949ba59abbe56e057f20f883e', 1, 1, '2013-11-19', '2013-12-08 14:53:27');
